date,draghi_unscaled,draghi_monthly,scale_factor,draghi
2012-01-01,1,28.0,0.28,0.28
2012-01-02,1,28.0,0.28,0.28
2012-01-03,101,28.0,0.28,28.28
2012-01-04,1,28.0,0.28,0.28
2012-01-05,1,28.0,0.28,0.28
2012-01-06,1,28.0,0.28,0.28
2012-01-07,1,28.0,0.28,0.28
2012-01-08,1,28.0,0.28,0.28
2012-01-09,1,28.0,0.28,0.28
2012-01-10,1,28.0,0.28,0.28
2012-01-11,1,28.0,0.28,0.28
2012-01-12,1,28.0,0.28,0.28
2012-01-13,101,28.0,0.28,28.28
2012-01-14,1,28.0,0.28,0.28
2012-01-15,1,28.0,0.28,0.28
2012-01-16,1,28.0,0.28,0.28
2012-01-17,96,28.0,0.28,26.880000000000003
2012-01-18,95,28.0,0.28,26.6
2012-01-19,1,28.0,0.28,0.28
2012-01-20,1,28.0,0.28,0.28
2012-01-21,1,28.0,0.28,0.28
2012-01-22,1,28.0,0.28,0.28
2012-01-23,1,28.0,0.28,0.28
2012-01-24,1,28.0,0.28,0.28
2012-01-25,1,28.0,0.28,0.28
2012-01-26,1,28.0,0.28,0.28
2012-01-27,1,28.0,0.28,0.28
2012-01-28,1,28.0,0.28,0.28
2012-01-29,1,28.0,0.28,0.28
2012-01-30,1,28.0,0.28,0.28
2012-01-31,1,28.0,0.28,0.28
2012-02-01,1,18.0,0.18,0.18
2012-02-02,1,18.0,0.18,0.18
2012-02-03,1,18.0,0.18,0.18
2012-02-04,1,18.0,0.18,0.18
2012-02-05,101,18.0,0.18,18.18
2012-02-06,1,18.0,0.18,0.18
2012-02-07,1,18.0,0.18,0.18
2012-02-08,1,18.0,0.18,0.18
2012-02-09,83,18.0,0.18,14.94
2012-02-10,1,18.0,0.18,0.18
2012-02-11,1,18.0,0.18,0.18
2012-02-12,1,18.0,0.18,0.18
2012-02-13,1,18.0,0.18,0.18
2012-02-14,1,18.0,0.18,0.18
2012-02-15,1,18.0,0.18,0.18
2012-02-16,1,18.0,0.18,0.18
2012-02-17,1,18.0,0.18,0.18
2012-02-18,1,18.0,0.18,0.18
2012-02-19,1,18.0,0.18,0.18
2012-02-20,1,18.0,0.18,0.18
2012-02-21,1,18.0,0.18,0.18
2012-02-22,1,18.0,0.18,0.18
2012-02-23,1,18.0,0.18,0.18
2012-02-24,84,18.0,0.18,15.12
2012-02-25,1,18.0,0.18,0.18
2012-02-26,1,18.0,0.18,0.18
2012-02-27,1,18.0,0.18,0.18
2012-02-28,81,18.0,0.18,14.58
2012-02-29,1,18.0,0.18,0.18
2012-03-01,1,17.0,0.17,0.17
2012-03-02,1,17.0,0.17,0.17
2012-03-03,1,17.0,0.17,0.17
2012-03-04,1,17.0,0.17,0.17
2012-03-05,101,17.0,0.17,17.17
2012-03-06,1,17.0,0.17,0.17
2012-03-07,1,17.0,0.17,0.17
2012-03-08,94,17.0,0.17,15.98
2012-03-09,1,17.0,0.17,0.17
2012-03-10,1,17.0,0.17,0.17
2012-03-11,1,17.0,0.17,0.17
2012-03-12,1,17.0,0.17,0.17
2012-03-13,1,17.0,0.17,0.17
2012-03-14,1,17.0,0.17,0.17
2012-03-15,1,17.0,0.17,0.17
2012-03-16,1,17.0,0.17,0.17
2012-03-17,1,17.0,0.17,0.17
2012-03-18,1,17.0,0.17,0.17
2012-03-19,1,17.0,0.17,0.17
2012-03-20,1,17.0,0.17,0.17
2012-03-21,1,17.0,0.17,0.17
2012-03-22,1,17.0,0.17,0.17
2012-03-23,100,17.0,0.17,17.0
2012-03-24,1,17.0,0.17,0.17
2012-03-25,1,17.0,0.17,0.17
2012-03-26,1,17.0,0.17,0.17
2012-03-27,1,17.0,0.17,0.17
2012-03-28,1,17.0,0.17,0.17
2012-03-29,1,17.0,0.17,0.17
2012-03-30,1,17.0,0.17,0.17
2012-03-31,1,17.0,0.17,0.17
2012-04-01,101,18.0,0.18,18.18
2012-04-02,1,18.0,0.18,0.18
2012-04-03,1,18.0,0.18,0.18
2012-04-04,1,18.0,0.18,0.18
2012-04-05,1,18.0,0.18,0.18
2012-04-06,90,18.0,0.18,16.2
2012-04-07,1,18.0,0.18,0.18
2012-04-08,1,18.0,0.18,0.18
2012-04-09,1,18.0,0.18,0.18
2012-04-10,1,18.0,0.18,0.18
2012-04-11,79,18.0,0.18,14.219999999999999
2012-04-12,1,18.0,0.18,0.18
2012-04-13,1,18.0,0.18,0.18
2012-04-14,1,18.0,0.18,0.18
2012-04-15,1,18.0,0.18,0.18
2012-04-16,1,18.0,0.18,0.18
2012-04-17,1,18.0,0.18,0.18
2012-04-18,1,18.0,0.18,0.18
2012-04-19,1,18.0,0.18,0.18
2012-04-20,1,18.0,0.18,0.18
2012-04-21,1,18.0,0.18,0.18
2012-04-22,1,18.0,0.18,0.18
2012-04-23,1,18.0,0.18,0.18
2012-04-24,1,18.0,0.18,0.18
2012-04-25,1,18.0,0.18,0.18
2012-04-26,1,18.0,0.18,0.18
2012-04-27,1,18.0,0.18,0.18
2012-04-28,1,18.0,0.18,0.18
2012-04-29,1,18.0,0.18,0.18
2012-04-30,80,18.0,0.18,14.399999999999999
2012-05-01,1,6.0,0.06,0.06
2012-05-02,1,6.0,0.06,0.06
2012-05-03,1,6.0,0.06,0.06
2012-05-04,1,6.0,0.06,0.06
2012-05-05,101,6.0,0.06,6.06
2012-05-06,1,6.0,0.06,0.06
2012-05-07,1,6.0,0.06,0.06
2012-05-08,1,6.0,0.06,0.06
2012-05-09,1,6.0,0.06,0.06
2012-05-10,1,6.0,0.06,0.06
2012-05-11,1,6.0,0.06,0.06
2012-05-12,1,6.0,0.06,0.06
2012-05-13,1,6.0,0.06,0.06
2012-05-14,1,6.0,0.06,0.06
2012-05-15,79,6.0,0.06,4.74
2012-05-16,1,6.0,0.06,0.06
2012-05-17,1,6.0,0.06,0.06
2012-05-18,1,6.0,0.06,0.06
2012-05-19,1,6.0,0.06,0.06
2012-05-20,1,6.0,0.06,0.06
2012-05-21,1,6.0,0.06,0.06
2012-05-22,1,6.0,0.06,0.06
2012-05-23,1,6.0,0.06,0.06
2012-05-24,1,6.0,0.06,0.06
2012-05-25,1,6.0,0.06,0.06
2012-05-26,1,6.0,0.06,0.06
2012-05-27,1,6.0,0.06,0.06
2012-05-28,1,6.0,0.06,0.06
2012-05-29,1,6.0,0.06,0.06
2012-05-30,1,6.0,0.06,0.06
2012-05-31,1,6.0,0.06,0.06
2012-06-01,36,35.0,0.35,12.6
2012-06-02,1,35.0,0.35,0.35
2012-06-03,1,35.0,0.35,0.35
2012-06-04,1,35.0,0.35,0.35
2012-06-05,1,35.0,0.35,0.35
2012-06-06,101,35.0,0.35,35.349999999999994
2012-06-07,1,35.0,0.35,0.35
2012-06-08,37,35.0,0.35,12.95
2012-06-09,1,35.0,0.35,0.35
2012-06-10,1,35.0,0.35,0.35
2012-06-11,34,35.0,0.35,11.899999999999999
2012-06-12,34,35.0,0.35,11.899999999999999
2012-06-13,1,35.0,0.35,0.35
2012-06-14,1,35.0,0.35,0.35
2012-06-15,1,35.0,0.35,0.35
2012-06-16,1,35.0,0.35,0.35
2012-06-17,1,35.0,0.35,0.35
2012-06-18,1,35.0,0.35,0.35
2012-06-19,1,35.0,0.35,0.35
2012-06-20,1,35.0,0.35,0.35
2012-06-21,1,35.0,0.35,0.35
2012-06-22,1,35.0,0.35,0.35
2012-06-23,1,35.0,0.35,0.35
2012-06-24,1,35.0,0.35,0.35
2012-06-25,1,35.0,0.35,0.35
2012-06-26,34,35.0,0.35,11.899999999999999
2012-06-27,1,35.0,0.35,0.35
2012-06-28,1,35.0,0.35,0.35
2012-06-29,1,35.0,0.35,0.35
2012-06-30,1,35.0,0.35,0.35
2012-07-01,1,87.0,0.87,0.87
2012-07-02,1,87.0,0.87,0.87
2012-07-03,1,87.0,0.87,0.87
2012-07-04,1,87.0,0.87,0.87
2012-07-05,1,87.0,0.87,0.87
2012-07-06,1,87.0,0.87,0.87
2012-07-07,1,87.0,0.87,0.87
2012-07-08,1,87.0,0.87,0.87
2012-07-09,1,87.0,0.87,0.87
2012-07-10,1,87.0,0.87,0.87
2012-07-11,1,87.0,0.87,0.87
2012-07-12,1,87.0,0.87,0.87
2012-07-13,1,87.0,0.87,0.87
2012-07-14,1,87.0,0.87,0.87
2012-07-15,1,87.0,0.87,0.87
2012-07-16,1,87.0,0.87,0.87
2012-07-17,1,87.0,0.87,0.87
2012-07-18,25,87.0,0.87,21.75
2012-07-19,1,87.0,0.87,0.87
2012-07-20,1,87.0,0.87,0.87
2012-07-21,1,87.0,0.87,0.87
2012-07-22,1,87.0,0.87,0.87
2012-07-23,1,87.0,0.87,0.87
2012-07-24,1,87.0,0.87,0.87
2012-07-25,1,87.0,0.87,0.87
2012-07-26,74,87.0,0.87,64.38
2012-07-27,101,87.0,0.87,87.87
2012-07-28,31,87.0,0.87,26.97
2012-07-29,1,87.0,0.87,0.87
2012-07-30,1,87.0,0.87,0.87
2012-07-31,1,87.0,0.87,0.87
2012-08-01,1,64.0,0.64,0.64
2012-08-02,101,64.0,0.64,64.64
2012-08-03,1,64.0,0.64,0.64
2012-08-04,42,64.0,0.64,26.88
2012-08-05,1,64.0,0.64,0.64
2012-08-06,1,64.0,0.64,0.64
2012-08-07,1,64.0,0.64,0.64
2012-08-08,1,64.0,0.64,0.64
2012-08-09,67,64.0,0.64,42.88
2012-08-10,1,64.0,0.64,0.64
2012-08-11,1,64.0,0.64,0.64
2012-08-12,1,64.0,0.64,0.64
2012-08-13,1,64.0,0.64,0.64
2012-08-14,33,64.0,0.64,21.12
2012-08-15,1,64.0,0.64,0.64
2012-08-16,1,64.0,0.64,0.64
2012-08-17,1,64.0,0.64,0.64
2012-08-18,1,64.0,0.64,0.64
2012-08-19,1,64.0,0.64,0.64
2012-08-20,66,64.0,0.64,42.24
2012-08-21,1,64.0,0.64,0.64
2012-08-22,1,64.0,0.64,0.64
2012-08-23,34,64.0,0.64,21.76
2012-08-24,1,64.0,0.64,0.64
2012-08-25,1,64.0,0.64,0.64
2012-08-26,1,64.0,0.64,0.64
2012-08-27,1,64.0,0.64,0.64
2012-08-28,1,64.0,0.64,0.64
2012-08-29,1,64.0,0.64,0.64
2012-08-30,1,64.0,0.64,0.64
2012-08-31,1,64.0,0.64,0.64
2012-09-01,26,97.0,0.97,25.22
2012-09-02,1,97.0,0.97,0.97
2012-09-03,1,97.0,0.97,0.97
2012-09-04,60,97.0,0.97,58.199999999999996
2012-09-05,41,97.0,0.97,39.769999999999996
2012-09-06,101,97.0,0.97,97.97
2012-09-07,83,97.0,0.97,80.50999999999999
2012-09-08,1,97.0,0.97,0.97
2012-09-09,25,97.0,0.97,24.25
2012-09-10,41,97.0,0.97,39.769999999999996
2012-09-11,40,97.0,0.97,38.8
2012-09-12,21,97.0,0.97,20.37
2012-09-13,1,97.0,0.97,0.97
2012-09-14,1,97.0,0.97,0.97
2012-09-15,26,97.0,0.97,25.22
2012-09-16,1,97.0,0.97,0.97
2012-09-17,1,97.0,0.97,0.97
2012-09-18,20,97.0,0.97,19.4
2012-09-19,40,97.0,0.97,38.8
2012-09-20,21,97.0,0.97,20.37
2012-09-21,1,97.0,0.97,0.97
2012-09-22,1,97.0,0.97,0.97
2012-09-23,1,97.0,0.97,0.97
2012-09-24,21,97.0,0.97,20.37
2012-09-25,21,97.0,0.97,20.37
2012-09-26,20,97.0,0.97,19.4
2012-09-27,1,97.0,0.97,0.97
2012-09-28,1,97.0,0.97,0.97
2012-09-29,1,97.0,0.97,0.97
2012-09-30,1,97.0,0.97,0.97
2012-10-01,1,39.0,0.39,0.39
2012-10-02,80,39.0,0.39,31.200000000000003
2012-10-03,81,39.0,0.39,31.59
2012-10-04,82,39.0,0.39,31.98
2012-10-05,1,39.0,0.39,0.39
2012-10-06,1,39.0,0.39,0.39
2012-10-07,1,39.0,0.39,0.39
2012-10-08,1,39.0,0.39,0.39
2012-10-09,80,39.0,0.39,31.200000000000003
2012-10-10,1,39.0,0.39,0.39
2012-10-11,1,39.0,0.39,0.39
2012-10-12,1,39.0,0.39,0.39
2012-10-13,1,39.0,0.39,0.39
2012-10-14,1,39.0,0.39,0.39
2012-10-15,1,39.0,0.39,0.39
2012-10-16,1,39.0,0.39,0.39
2012-10-17,1,39.0,0.39,0.39
2012-10-18,1,39.0,0.39,0.39
2012-10-19,1,39.0,0.39,0.39
2012-10-20,101,39.0,0.39,39.39
2012-10-21,1,39.0,0.39,0.39
2012-10-22,1,39.0,0.39,0.39
2012-10-23,1,39.0,0.39,0.39
2012-10-24,1,39.0,0.39,0.39
2012-10-25,1,39.0,0.39,0.39
2012-10-26,1,39.0,0.39,0.39
2012-10-27,1,39.0,0.39,0.39
2012-10-28,1,39.0,0.39,0.39
2012-10-29,1,39.0,0.39,0.39
2012-10-30,1,39.0,0.39,0.39
2012-10-31,1,39.0,0.39,0.39
2012-11-01,1,31.0,0.31,0.31
2012-11-02,1,31.0,0.31,0.31
2012-11-03,1,31.0,0.31,0.31
2012-11-04,1,31.0,0.31,0.31
2012-11-05,1,31.0,0.31,0.31
2012-11-06,1,31.0,0.31,0.31
2012-11-07,101,31.0,0.31,31.31
2012-11-08,55,31.0,0.31,17.05
2012-11-09,1,31.0,0.31,0.31
2012-11-10,1,31.0,0.31,0.31
2012-11-11,35,31.0,0.31,10.85
2012-11-12,1,31.0,0.31,0.31
2012-11-13,1,31.0,0.31,0.31
2012-11-14,1,31.0,0.31,0.31
2012-11-15,1,31.0,0.31,0.31
2012-11-16,1,31.0,0.31,0.31
2012-11-17,1,31.0,0.31,0.31
2012-11-18,1,31.0,0.31,0.31
2012-11-19,1,31.0,0.31,0.31
2012-11-20,1,31.0,0.31,0.31
2012-11-21,1,31.0,0.31,0.31
2012-11-22,1,31.0,0.31,0.31
2012-11-23,1,31.0,0.31,0.31
2012-11-24,1,31.0,0.31,0.31
2012-11-25,1,31.0,0.31,0.31
2012-11-26,27,31.0,0.31,8.37
2012-11-27,1,31.0,0.31,0.31
2012-11-28,1,31.0,0.31,0.31
2012-11-29,1,31.0,0.31,0.31
2012-11-30,1,31.0,0.31,0.31
2012-12-01,1,21.0,0.21,0.21
2012-12-02,1,21.0,0.21,0.21
2012-12-03,51,21.0,0.21,10.709999999999999
2012-12-04,50,21.0,0.21,10.5
2012-12-05,101,21.0,0.21,21.21
2012-12-06,1,21.0,0.21,0.21
2012-12-07,1,21.0,0.21,0.21
2012-12-08,1,21.0,0.21,0.21
2012-12-09,1,21.0,0.21,0.21
2012-12-10,1,21.0,0.21,0.21
2012-12-11,1,21.0,0.21,0.21
2012-12-12,1,21.0,0.21,0.21
2012-12-13,1,21.0,0.21,0.21
2012-12-14,1,21.0,0.21,0.21
2012-12-15,63,21.0,0.21,13.229999999999999
2012-12-16,1,21.0,0.21,0.21
2012-12-17,1,21.0,0.21,0.21
2012-12-18,1,21.0,0.21,0.21
2012-12-19,1,21.0,0.21,0.21
2012-12-20,1,21.0,0.21,0.21
2012-12-21,1,21.0,0.21,0.21
2012-12-22,1,21.0,0.21,0.21
2012-12-23,1,21.0,0.21,0.21
2012-12-24,1,21.0,0.21,0.21
2012-12-25,1,21.0,0.21,0.21
2012-12-26,1,21.0,0.21,0.21
2012-12-27,56,21.0,0.21,11.76
2012-12-28,1,21.0,0.21,0.21
2012-12-29,1,21.0,0.21,0.21
2012-12-30,1,21.0,0.21,0.21
2012-12-31,1,21.0,0.21,0.21
2013-01-01,1,33.0,0.33,0.33
2013-01-02,1,33.0,0.33,0.33
2013-01-03,52,33.0,0.33,17.16
2013-01-04,53,33.0,0.33,17.490000000000002
2013-01-05,1,33.0,0.33,0.33
2013-01-06,1,33.0,0.33,0.33
2013-01-07,51,33.0,0.33,16.830000000000002
2013-01-08,1,33.0,0.33,0.33
2013-01-09,1,33.0,0.33,0.33
2013-01-10,101,33.0,0.33,33.33
2013-01-11,1,33.0,0.33,0.33
2013-01-12,1,33.0,0.33,0.33
2013-01-13,60,33.0,0.33,19.8
2013-01-14,1,33.0,0.33,0.33
2013-01-15,1,33.0,0.33,0.33
2013-01-16,98,33.0,0.33,32.34
2013-01-17,1,33.0,0.33,0.33
2013-01-18,1,33.0,0.33,0.33
2013-01-19,1,33.0,0.33,0.33
2013-01-20,1,33.0,0.33,0.33
2013-01-21,1,33.0,0.33,0.33
2013-01-22,1,33.0,0.33,0.33
2013-01-23,50,33.0,0.33,16.5
2013-01-24,1,33.0,0.33,0.33
2013-01-25,1,33.0,0.33,0.33
2013-01-26,1,33.0,0.33,0.33
2013-01-27,1,33.0,0.33,0.33
2013-01-28,49,33.0,0.33,16.17
2013-01-29,1,33.0,0.33,0.33
2013-01-30,1,33.0,0.33,0.33
2013-01-31,1,33.0,0.33,0.33
2013-02-01,1,20.0,0.2,0.2
2013-02-02,1,20.0,0.2,0.2
2013-02-03,1,20.0,0.2,0.2
2013-02-04,1,20.0,0.2,0.2
2013-02-05,1,20.0,0.2,0.2
2013-02-06,1,20.0,0.2,0.2
2013-02-07,85,20.0,0.2,17.0
2013-02-08,86,20.0,0.2,17.2
2013-02-09,1,20.0,0.2,0.2
2013-02-10,1,20.0,0.2,0.2
2013-02-11,1,20.0,0.2,0.2
2013-02-12,1,20.0,0.2,0.2
2013-02-13,83,20.0,0.2,16.6
2013-02-14,87,20.0,0.2,17.400000000000002
2013-02-15,1,20.0,0.2,0.2
2013-02-16,101,20.0,0.2,20.200000000000003
2013-02-17,1,20.0,0.2,0.2
2013-02-18,86,20.0,0.2,17.2
2013-02-19,1,20.0,0.2,0.2
2013-02-20,1,20.0,0.2,0.2
2013-02-21,1,20.0,0.2,0.2
2013-02-22,1,20.0,0.2,0.2
2013-02-23,1,20.0,0.2,0.2
2013-02-24,1,20.0,0.2,0.2
2013-02-25,1,20.0,0.2,0.2
2013-02-26,1,20.0,0.2,0.2
2013-02-27,1,20.0,0.2,0.2
2013-02-28,1,20.0,0.2,0.2
2013-03-01,101,28.0,0.28,28.28
2013-03-02,1,28.0,0.28,0.28
2013-03-03,1,28.0,0.28,0.28
2013-03-04,100,28.0,0.28,28.000000000000004
2013-03-05,1,28.0,0.28,0.28
2013-03-06,1,28.0,0.28,0.28
2013-03-07,1,28.0,0.28,0.28
2013-03-08,1,28.0,0.28,0.28
2013-03-09,1,28.0,0.28,0.28
2013-03-10,1,28.0,0.28,0.28
2013-03-11,1,28.0,0.28,0.28
2013-03-12,1,28.0,0.28,0.28
2013-03-13,1,28.0,0.28,0.28
2013-03-14,1,28.0,0.28,0.28
2013-03-15,1,28.0,0.28,0.28
2013-03-16,1,28.0,0.28,0.28
2013-03-17,1,28.0,0.28,0.28
2013-03-18,1,28.0,0.28,0.28
2013-03-19,1,28.0,0.28,0.28
2013-03-20,97,28.0,0.28,27.160000000000004
2013-03-21,1,28.0,0.28,0.28
2013-03-22,1,28.0,0.28,0.28
2013-03-23,1,28.0,0.28,0.28
2013-03-24,1,28.0,0.28,0.28
2013-03-25,1,28.0,0.28,0.28
2013-03-26,1,28.0,0.28,0.28
2013-03-27,1,28.0,0.28,0.28
2013-03-28,1,28.0,0.28,0.28
2013-03-29,1,28.0,0.28,0.28
2013-03-30,1,28.0,0.28,0.28
2013-03-31,1,28.0,0.28,0.28
2013-04-01,1,19.0,0.19,0.19
2013-04-02,79,19.0,0.19,15.01
2013-04-03,1,19.0,0.19,0.19
2013-04-04,81,19.0,0.19,15.39
2013-04-05,1,19.0,0.19,0.19
2013-04-06,1,19.0,0.19,0.19
2013-04-07,1,19.0,0.19,0.19
2013-04-08,1,19.0,0.19,0.19
2013-04-09,79,19.0,0.19,15.01
2013-04-10,1,19.0,0.19,0.19
2013-04-11,1,19.0,0.19,0.19
2013-04-12,1,19.0,0.19,0.19
2013-04-13,1,19.0,0.19,0.19
2013-04-14,1,19.0,0.19,0.19
2013-04-15,1,19.0,0.19,0.19
2013-04-16,78,19.0,0.19,14.82
2013-04-17,1,19.0,0.19,0.19
2013-04-18,1,19.0,0.19,0.19
2013-04-19,1,19.0,0.19,0.19
2013-04-20,101,19.0,0.19,19.19
2013-04-21,101,19.0,0.19,19.19
2013-04-22,1,19.0,0.19,0.19
2013-04-23,1,19.0,0.19,0.19
2013-04-24,1,19.0,0.19,0.19
2013-04-25,1,19.0,0.19,0.19
2013-04-26,85,19.0,0.19,16.15
2013-04-27,1,19.0,0.19,0.19
2013-04-28,100,19.0,0.19,19.0
2013-04-29,1,19.0,0.19,0.19
2013-04-30,1,19.0,0.19,0.19
2013-05-01,1,19.0,0.19,0.19
2013-05-02,96,19.0,0.19,18.240000000000002
2013-05-03,101,19.0,0.19,19.19
2013-05-04,1,19.0,0.19,0.19
2013-05-05,1,19.0,0.19,0.19
2013-05-06,1,19.0,0.19,0.19
2013-05-07,48,19.0,0.19,9.120000000000001
2013-05-08,1,19.0,0.19,0.19
2013-05-09,1,19.0,0.19,0.19
2013-05-10,1,19.0,0.19,0.19
2013-05-11,1,19.0,0.19,0.19
2013-05-12,1,19.0,0.19,0.19
2013-05-13,1,19.0,0.19,0.19
2013-05-14,1,19.0,0.19,0.19
2013-05-15,49,19.0,0.19,9.31
2013-05-16,1,19.0,0.19,0.19
2013-05-17,1,19.0,0.19,0.19
2013-05-18,1,19.0,0.19,0.19
2013-05-19,1,19.0,0.19,0.19
2013-05-20,1,19.0,0.19,0.19
2013-05-21,1,19.0,0.19,0.19
2013-05-22,1,19.0,0.19,0.19
2013-05-23,1,19.0,0.19,0.19
2013-05-24,52,19.0,0.19,9.88
2013-05-25,1,19.0,0.19,0.19
2013-05-26,1,19.0,0.19,0.19
2013-05-27,1,19.0,0.19,0.19
2013-05-28,1,19.0,0.19,0.19
2013-05-29,1,19.0,0.19,0.19
2013-05-30,1,19.0,0.19,0.19
2013-05-31,1,19.0,0.19,0.19
2013-06-01,1,20.0,0.2,0.2
2013-06-02,1,20.0,0.2,0.2
2013-06-03,1,20.0,0.2,0.2
2013-06-04,1,20.0,0.2,0.2
2013-06-05,1,20.0,0.2,0.2
2013-06-06,1,20.0,0.2,0.2
2013-06-07,1,20.0,0.2,0.2
2013-06-08,1,20.0,0.2,0.2
2013-06-09,1,20.0,0.2,0.2
2013-06-10,1,20.0,0.2,0.2
2013-06-11,1,20.0,0.2,0.2
2013-06-12,1,20.0,0.2,0.2
2013-06-13,1,20.0,0.2,0.2
2013-06-14,1,20.0,0.2,0.2
2013-06-15,1,20.0,0.2,0.2
2013-06-16,1,20.0,0.2,0.2
2013-06-17,1,20.0,0.2,0.2
2013-06-18,1,20.0,0.2,0.2
2013-06-19,1,20.0,0.2,0.2
2013-06-20,1,20.0,0.2,0.2
2013-06-21,1,20.0,0.2,0.2
2013-06-22,1,20.0,0.2,0.2
2013-06-23,1,20.0,0.2,0.2
2013-06-24,1,20.0,0.2,0.2
2013-06-25,1,20.0,0.2,0.2
2013-06-26,96,20.0,0.2,19.200000000000003
2013-06-27,1,20.0,0.2,0.2
2013-06-28,101,20.0,0.2,20.200000000000003
2013-06-29,1,20.0,0.2,0.2
2013-06-30,1,20.0,0.2,0.2
2013-07-01,1,24.0,0.24,0.24
2013-07-02,1,24.0,0.24,0.24
2013-07-03,1,24.0,0.24,0.24
2013-07-04,1,24.0,0.24,0.24
2013-07-05,1,24.0,0.24,0.24
2013-07-06,1,24.0,0.24,0.24
2013-07-07,1,24.0,0.24,0.24
2013-07-08,1,24.0,0.24,0.24
2013-07-09,1,24.0,0.24,0.24
2013-07-10,1,24.0,0.24,0.24
2013-07-11,42,24.0,0.24,10.08
2013-07-12,1,24.0,0.24,0.24
2013-07-13,1,24.0,0.24,0.24
2013-07-14,1,24.0,0.24,0.24
2013-07-15,1,24.0,0.24,0.24
2013-07-16,1,24.0,0.24,0.24
2013-07-17,1,24.0,0.24,0.24
2013-07-18,1,24.0,0.24,0.24
2013-07-19,1,24.0,0.24,0.24
2013-07-20,101,24.0,0.24,24.24
2013-07-21,52,24.0,0.24,12.48
2013-07-22,1,24.0,0.24,0.24
2013-07-23,1,24.0,0.24,0.24
2013-07-24,1,24.0,0.24,0.24
2013-07-25,1,24.0,0.24,0.24
2013-07-26,44,24.0,0.24,10.559999999999999
2013-07-27,1,24.0,0.24,0.24
2013-07-28,1,24.0,0.24,0.24
2013-07-29,1,24.0,0.24,0.24
2013-07-30,41,24.0,0.24,9.84
2013-07-31,1,24.0,0.24,0.24
2013-08-01,1,10.0,0.1,0.1
2013-08-02,1,10.0,0.1,0.1
2013-08-03,1,10.0,0.1,0.1
2013-08-04,1,10.0,0.1,0.1
2013-08-05,1,10.0,0.1,0.1
2013-08-06,1,10.0,0.1,0.1
2013-08-07,1,10.0,0.1,0.1
2013-08-08,1,10.0,0.1,0.1
2013-08-09,85,10.0,0.1,8.5
2013-08-10,1,10.0,0.1,0.1
2013-08-11,1,10.0,0.1,0.1
2013-08-12,1,10.0,0.1,0.1
2013-08-13,1,10.0,0.1,0.1
2013-08-14,1,10.0,0.1,0.1
2013-08-15,1,10.0,0.1,0.1
2013-08-16,1,10.0,0.1,0.1
2013-08-17,1,10.0,0.1,0.1
2013-08-18,1,10.0,0.1,0.1
2013-08-19,1,10.0,0.1,0.1
2013-08-20,1,10.0,0.1,0.1
2013-08-21,1,10.0,0.1,0.1
2013-08-22,1,10.0,0.1,0.1
2013-08-23,1,10.0,0.1,0.1
2013-08-24,101,10.0,0.1,10.100000000000001
2013-08-25,1,10.0,0.1,0.1
2013-08-26,1,10.0,0.1,0.1
2013-08-27,1,10.0,0.1,0.1
2013-08-28,1,10.0,0.1,0.1
2013-08-29,1,10.0,0.1,0.1
2013-08-30,1,10.0,0.1,0.1
2013-08-31,1,10.0,0.1,0.1
2013-09-01,1,10.0,0.1,0.1
2013-09-02,1,10.0,0.1,0.1
2013-09-03,1,10.0,0.1,0.1
2013-09-04,1,10.0,0.1,0.1
2013-09-05,1,10.0,0.1,0.1
2013-09-06,1,10.0,0.1,0.1
2013-09-07,1,10.0,0.1,0.1
2013-09-08,1,10.0,0.1,0.1
2013-09-09,1,10.0,0.1,0.1
2013-09-10,1,10.0,0.1,0.1
2013-09-11,1,10.0,0.1,0.1
2013-09-12,1,10.0,0.1,0.1
2013-09-13,101,10.0,0.1,10.100000000000001
2013-09-14,1,10.0,0.1,0.1
2013-09-15,1,10.0,0.1,0.1
2013-09-16,1,10.0,0.1,0.1
2013-09-17,1,10.0,0.1,0.1
2013-09-18,1,10.0,0.1,0.1
2013-09-19,1,10.0,0.1,0.1
2013-09-20,1,10.0,0.1,0.1
2013-09-21,1,10.0,0.1,0.1
2013-09-22,1,10.0,0.1,0.1
2013-09-23,1,10.0,0.1,0.1
2013-09-24,1,10.0,0.1,0.1
2013-09-25,1,10.0,0.1,0.1
2013-09-26,1,10.0,0.1,0.1
2013-09-27,1,10.0,0.1,0.1
2013-09-28,1,10.0,0.1,0.1
2013-09-29,1,10.0,0.1,0.1
2013-09-30,1,10.0,0.1,0.1
2013-10-01,1,45.0,0.45,0.45
2013-10-02,1,45.0,0.45,0.45
2013-10-03,1,45.0,0.45,0.45
2013-10-04,1,45.0,0.45,0.45
2013-10-05,1,45.0,0.45,0.45
2013-10-06,1,45.0,0.45,0.45
2013-10-07,1,45.0,0.45,0.45
2013-10-08,50,45.0,0.45,22.5
2013-10-09,1,45.0,0.45,0.45
2013-10-10,101,45.0,0.45,45.45
2013-10-11,1,45.0,0.45,0.45
2013-10-12,1,45.0,0.45,0.45
2013-10-13,1,45.0,0.45,0.45
2013-10-14,1,45.0,0.45,0.45
2013-10-15,49,45.0,0.45,22.05
2013-10-16,1,45.0,0.45,0.45
2013-10-17,1,45.0,0.45,0.45
2013-10-18,1,45.0,0.45,0.45
2013-10-19,1,45.0,0.45,0.45
2013-10-20,1,45.0,0.45,0.45
2013-10-21,1,45.0,0.45,0.45
2013-10-22,1,45.0,0.45,0.45
2013-10-23,98,45.0,0.45,44.1
2013-10-24,1,45.0,0.45,0.45
2013-10-25,1,45.0,0.45,0.45
2013-10-26,1,45.0,0.45,0.45
2013-10-27,1,45.0,0.45,0.45
2013-10-28,1,45.0,0.45,0.45
2013-10-29,49,45.0,0.45,22.05
2013-10-30,49,45.0,0.45,22.05
2013-10-31,51,45.0,0.45,22.95
2013-11-01,1,28.0,0.28,0.28
2013-11-02,1,28.0,0.28,0.28
2013-11-03,1,28.0,0.28,0.28
2013-11-04,1,28.0,0.28,0.28
2013-11-05,1,28.0,0.28,0.28
2013-11-06,1,28.0,0.28,0.28
2013-11-07,95,28.0,0.28,26.6
2013-11-08,1,28.0,0.28,0.28
2013-11-09,1,28.0,0.28,0.28
2013-11-10,1,28.0,0.28,0.28
2013-11-11,96,28.0,0.28,26.880000000000003
2013-11-12,1,28.0,0.28,0.28
2013-11-13,1,28.0,0.28,0.28
2013-11-14,1,28.0,0.28,0.28
2013-11-15,98,28.0,0.28,27.44
2013-11-16,1,28.0,0.28,0.28
2013-11-17,1,28.0,0.28,0.28
2013-11-18,1,28.0,0.28,0.28
2013-11-19,1,28.0,0.28,0.28
2013-11-20,1,28.0,0.28,0.28
2013-11-21,1,28.0,0.28,0.28
2013-11-22,1,28.0,0.28,0.28
2013-11-23,1,28.0,0.28,0.28
2013-11-24,1,28.0,0.28,0.28
2013-11-25,1,28.0,0.28,0.28
2013-11-26,1,28.0,0.28,0.28
2013-11-27,101,28.0,0.28,28.28
2013-11-28,1,28.0,0.28,0.28
2013-11-29,1,28.0,0.28,0.28
2013-11-30,1,28.0,0.28,0.28
2013-12-01,1,32.0,0.32,0.32
2013-12-02,1,32.0,0.32,0.32
2013-12-03,1,32.0,0.32,0.32
2013-12-04,1,32.0,0.32,0.32
2013-12-05,97,32.0,0.32,31.04
2013-12-06,101,32.0,0.32,32.32
2013-12-07,1,32.0,0.32,0.32
2013-12-08,1,32.0,0.32,0.32
2013-12-09,1,32.0,0.32,0.32
2013-12-10,96,32.0,0.32,30.72
2013-12-11,1,32.0,0.32,0.32
2013-12-12,1,32.0,0.32,0.32
2013-12-13,1,32.0,0.32,0.32
2013-12-14,1,32.0,0.32,0.32
2013-12-15,1,32.0,0.32,0.32
2013-12-16,100,32.0,0.32,32.0
2013-12-17,1,32.0,0.32,0.32
2013-12-18,101,32.0,0.32,32.32
2013-12-19,1,32.0,0.32,0.32
2013-12-20,1,32.0,0.32,0.32
2013-12-21,1,32.0,0.32,0.32
2013-12-22,1,32.0,0.32,0.32
2013-12-23,1,32.0,0.32,0.32
2013-12-24,1,32.0,0.32,0.32
2013-12-25,1,32.0,0.32,0.32
2013-12-26,1,32.0,0.32,0.32
2013-12-27,1,32.0,0.32,0.32
2013-12-28,1,32.0,0.32,0.32
2013-12-29,1,32.0,0.32,0.32
2013-12-30,1,32.0,0.32,0.32
2013-12-31,1,32.0,0.32,0.32
2014-01-01,1,26.0,0.26,0.26
2014-01-02,1,26.0,0.26,0.26
2014-01-03,1,26.0,0.26,0.26
2014-01-04,1,26.0,0.26,0.26
2014-01-05,1,26.0,0.26,0.26
2014-01-06,1,26.0,0.26,0.26
2014-01-07,1,26.0,0.26,0.26
2014-01-08,1,26.0,0.26,0.26
2014-01-09,85,26.0,0.26,22.1
2014-01-10,1,26.0,0.26,0.26
2014-01-11,1,26.0,0.26,0.26
2014-01-12,1,26.0,0.26,0.26
2014-01-13,1,26.0,0.26,0.26
2014-01-14,1,26.0,0.26,0.26
2014-01-15,1,26.0,0.26,0.26
2014-01-16,1,26.0,0.26,0.26
2014-01-17,1,26.0,0.26,0.26
2014-01-18,1,26.0,0.26,0.26
2014-01-19,1,26.0,0.26,0.26
2014-01-20,1,26.0,0.26,0.26
2014-01-21,1,26.0,0.26,0.26
2014-01-22,1,26.0,0.26,0.26
2014-01-23,1,26.0,0.26,0.26
2014-01-24,1,26.0,0.26,0.26
2014-01-25,101,26.0,0.26,26.26
2014-01-26,1,26.0,0.26,0.26
2014-01-27,80,26.0,0.26,20.8
2014-01-28,1,26.0,0.26,0.26
2014-01-29,1,26.0,0.26,0.26
2014-01-30,1,26.0,0.26,0.26
2014-01-31,1,26.0,0.26,0.26
2014-02-01,1,19.0,0.19,0.19
2014-02-02,1,19.0,0.19,0.19
2014-02-03,1,19.0,0.19,0.19
2014-02-04,100,19.0,0.19,19.0
2014-02-05,1,19.0,0.19,0.19
2014-02-06,1,19.0,0.19,0.19
2014-02-07,1,19.0,0.19,0.19
2014-02-08,1,19.0,0.19,0.19
2014-02-09,1,19.0,0.19,0.19
2014-02-10,1,19.0,0.19,0.19
2014-02-11,99,19.0,0.19,18.81
2014-02-12,1,19.0,0.19,0.19
2014-02-13,1,19.0,0.19,0.19
2014-02-14,1,19.0,0.19,0.19
2014-02-15,1,19.0,0.19,0.19
2014-02-16,1,19.0,0.19,0.19
2014-02-17,1,19.0,0.19,0.19
2014-02-18,1,19.0,0.19,0.19
2014-02-19,1,19.0,0.19,0.19
2014-02-20,1,19.0,0.19,0.19
2014-02-21,1,19.0,0.19,0.19
2014-02-22,1,19.0,0.19,0.19
2014-02-23,1,19.0,0.19,0.19
2014-02-24,1,19.0,0.19,0.19
2014-02-25,1,19.0,0.19,0.19
2014-02-26,1,19.0,0.19,0.19
2014-02-27,101,19.0,0.19,19.19
2014-02-28,1,19.0,0.19,0.19
2014-03-01,1,9.0,0.09,0.09
2014-03-02,1,9.0,0.09,0.09
2014-03-03,1,9.0,0.09,0.09
2014-03-04,1,9.0,0.09,0.09
2014-03-05,1,9.0,0.09,0.09
2014-03-06,52,9.0,0.09,4.68
2014-03-07,1,9.0,0.09,0.09
2014-03-08,1,9.0,0.09,0.09
2014-03-09,1,9.0,0.09,0.09
2014-03-10,1,9.0,0.09,0.09
2014-03-11,1,9.0,0.09,0.09
2014-03-12,1,9.0,0.09,0.09
2014-03-13,1,9.0,0.09,0.09
2014-03-14,1,9.0,0.09,0.09
2014-03-15,1,9.0,0.09,0.09
2014-03-16,1,9.0,0.09,0.09
2014-03-17,1,9.0,0.09,0.09
2014-03-18,1,9.0,0.09,0.09
2014-03-19,1,9.0,0.09,0.09
2014-03-20,1,9.0,0.09,0.09
2014-03-21,1,9.0,0.09,0.09
2014-03-22,1,9.0,0.09,0.09
2014-03-23,1,9.0,0.09,0.09
2014-03-24,1,9.0,0.09,0.09
2014-03-25,101,9.0,0.09,9.09
2014-03-26,1,9.0,0.09,0.09
2014-03-27,53,9.0,0.09,4.77
2014-03-28,1,9.0,0.09,0.09
2014-03-29,1,9.0,0.09,0.09
2014-03-30,1,9.0,0.09,0.09
2014-03-31,1,9.0,0.09,0.09
2014-04-01,1,5.0,0.05,0.05
2014-04-02,1,5.0,0.05,0.05
2014-04-03,97,5.0,0.05,4.8500000000000005
2014-04-04,101,5.0,0.05,5.050000000000001
2014-04-05,1,5.0,0.05,0.05
2014-04-06,1,5.0,0.05,0.05
2014-04-07,1,5.0,0.05,0.05
2014-04-08,1,5.0,0.05,0.05
2014-04-09,97,5.0,0.05,4.8500000000000005
2014-04-10,1,5.0,0.05,0.05
2014-04-11,1,5.0,0.05,0.05
2014-04-12,1,5.0,0.05,0.05
2014-04-13,1,5.0,0.05,0.05
2014-04-14,1,5.0,0.05,0.05
2014-04-15,1,5.0,0.05,0.05
2014-04-16,1,5.0,0.05,0.05
2014-04-17,1,5.0,0.05,0.05
2014-04-18,1,5.0,0.05,0.05
2014-04-19,1,5.0,0.05,0.05
2014-04-20,1,5.0,0.05,0.05
2014-04-21,101,5.0,0.05,5.050000000000001
2014-04-22,1,5.0,0.05,0.05
2014-04-23,1,5.0,0.05,0.05
2014-04-24,1,5.0,0.05,0.05
2014-04-25,1,5.0,0.05,0.05
2014-04-26,1,5.0,0.05,0.05
2014-04-27,1,5.0,0.05,0.05
2014-04-28,1,5.0,0.05,0.05
2014-04-29,1,5.0,0.05,0.05
2014-04-30,1,5.0,0.05,0.05
2014-05-01,1,19.0,0.19,0.19
2014-05-02,52,19.0,0.19,9.88
2014-05-03,64,19.0,0.19,12.16
2014-05-04,1,19.0,0.19,0.19
2014-05-05,1,19.0,0.19,0.19
2014-05-06,50,19.0,0.19,9.5
2014-05-07,1,19.0,0.19,0.19
2014-05-08,1,19.0,0.19,0.19
2014-05-09,1,19.0,0.19,0.19
2014-05-10,1,19.0,0.19,0.19
2014-05-11,1,19.0,0.19,0.19
2014-05-12,1,19.0,0.19,0.19
2014-05-13,1,19.0,0.19,0.19
2014-05-14,1,19.0,0.19,0.19
2014-05-15,101,19.0,0.19,19.19
2014-05-16,1,19.0,0.19,0.19
2014-05-17,1,19.0,0.19,0.19
2014-05-18,1,19.0,0.19,0.19
2014-05-19,1,19.0,0.19,0.19
2014-05-20,1,19.0,0.19,0.19
2014-05-21,1,19.0,0.19,0.19
2014-05-22,1,19.0,0.19,0.19
2014-05-23,1,19.0,0.19,0.19
2014-05-24,1,19.0,0.19,0.19
2014-05-25,1,19.0,0.19,0.19
2014-05-26,1,19.0,0.19,0.19
2014-05-27,1,19.0,0.19,0.19
2014-05-28,1,19.0,0.19,0.19
2014-05-29,1,19.0,0.19,0.19
2014-05-30,1,19.0,0.19,0.19
2014-05-31,1,19.0,0.19,0.19
2014-06-01,1,37.0,0.37,0.37
2014-06-02,1,37.0,0.37,0.37
2014-06-03,1,37.0,0.37,0.37
2014-06-04,1,37.0,0.37,0.37
2014-06-05,101,37.0,0.37,37.37
2014-06-06,1,37.0,0.37,0.37
2014-06-07,1,37.0,0.37,0.37
2014-06-08,1,37.0,0.37,0.37
2014-06-09,1,37.0,0.37,0.37
2014-06-10,1,37.0,0.37,0.37
2014-06-11,1,37.0,0.37,0.37
2014-06-12,1,37.0,0.37,0.37
2014-06-13,1,37.0,0.37,0.37
2014-06-14,1,37.0,0.37,0.37
2014-06-15,1,37.0,0.37,0.37
2014-06-16,1,37.0,0.37,0.37
2014-06-17,34,37.0,0.37,12.58
2014-06-18,1,37.0,0.37,0.37
2014-06-19,1,37.0,0.37,0.37
2014-06-20,1,37.0,0.37,0.37
2014-06-21,1,37.0,0.37,0.37
2014-06-22,1,37.0,0.37,0.37
2014-06-23,1,37.0,0.37,0.37
2014-06-24,1,37.0,0.37,0.37
2014-06-25,1,37.0,0.37,0.37
2014-06-26,1,37.0,0.37,0.37
2014-06-27,1,37.0,0.37,0.37
2014-06-28,1,37.0,0.37,0.37
2014-06-29,1,37.0,0.37,0.37
2014-06-30,1,37.0,0.37,0.37
2014-07-01,95,16.0,0.16,15.200000000000001
2014-07-02,1,16.0,0.16,0.16
2014-07-03,1,16.0,0.16,0.16
2014-07-04,1,16.0,0.16,0.16
2014-07-05,1,16.0,0.16,0.16
2014-07-06,1,16.0,0.16,0.16
2014-07-07,1,16.0,0.16,0.16
2014-07-08,1,16.0,0.16,0.16
2014-07-09,96,16.0,0.16,15.36
2014-07-10,1,16.0,0.16,0.16
2014-07-11,1,16.0,0.16,0.16
2014-07-12,1,16.0,0.16,0.16
2014-07-13,1,16.0,0.16,0.16
2014-07-14,1,16.0,0.16,0.16
2014-07-15,93,16.0,0.16,14.88
2014-07-16,1,16.0,0.16,0.16
2014-07-17,1,16.0,0.16,0.16
2014-07-18,101,16.0,0.16,16.16
2014-07-19,1,16.0,0.16,0.16
2014-07-20,1,16.0,0.16,0.16
2014-07-21,1,16.0,0.16,0.16
2014-07-22,1,16.0,0.16,0.16
2014-07-23,1,16.0,0.16,0.16
2014-07-24,1,16.0,0.16,0.16
2014-07-25,1,16.0,0.16,0.16
2014-07-26,1,16.0,0.16,0.16
2014-07-27,1,16.0,0.16,0.16
2014-07-28,1,16.0,0.16,0.16
2014-07-29,1,16.0,0.16,0.16
2014-07-30,1,16.0,0.16,0.16
2014-07-31,1,16.0,0.16,0.16
2014-08-01,1,50.0,0.5,0.5
2014-08-02,1,50.0,0.5,0.5
2014-08-03,1,50.0,0.5,0.5
2014-08-04,1,50.0,0.5,0.5
2014-08-05,1,50.0,0.5,0.5
2014-08-06,50,50.0,0.5,25.0
2014-08-07,76,50.0,0.5,38.0
2014-08-08,53,50.0,0.5,26.5
2014-08-09,1,50.0,0.5,0.5
2014-08-10,1,50.0,0.5,0.5
2014-08-11,1,50.0,0.5,0.5
2014-08-12,1,50.0,0.5,0.5
2014-08-13,1,50.0,0.5,0.5
2014-08-14,1,50.0,0.5,0.5
2014-08-15,1,50.0,0.5,0.5
2014-08-16,1,50.0,0.5,0.5
2014-08-17,1,50.0,0.5,0.5
2014-08-18,1,50.0,0.5,0.5
2014-08-19,1,50.0,0.5,0.5
2014-08-20,1,50.0,0.5,0.5
2014-08-21,1,50.0,0.5,0.5
2014-08-22,101,50.0,0.5,50.5
2014-08-23,61,50.0,0.5,30.5
2014-08-24,61,50.0,0.5,30.5
2014-08-25,97,50.0,0.5,48.5
2014-08-26,1,50.0,0.5,0.5
2014-08-27,1,50.0,0.5,0.5
2014-08-28,1,50.0,0.5,0.5
2014-08-29,50,50.0,0.5,25.0
2014-08-30,1,50.0,0.5,0.5
2014-08-31,1,50.0,0.5,0.5
2014-09-01,1,39.0,0.39,0.39
2014-09-02,1,39.0,0.39,0.39
2014-09-03,1,39.0,0.39,0.39
2014-09-04,1,39.0,0.39,0.39
2014-09-05,101,39.0,0.39,39.39
2014-09-06,1,39.0,0.39,0.39
2014-09-07,1,39.0,0.39,0.39
2014-09-08,1,39.0,0.39,0.39
2014-09-09,1,39.0,0.39,0.39
2014-09-10,49,39.0,0.39,19.11
2014-09-11,1,39.0,0.39,0.39
2014-09-12,1,39.0,0.39,0.39
2014-09-13,62,39.0,0.39,24.18
2014-09-14,1,39.0,0.39,0.39
2014-09-15,1,39.0,0.39,0.39
2014-09-16,1,39.0,0.39,0.39
2014-09-17,1,39.0,0.39,0.39
2014-09-18,1,39.0,0.39,0.39
2014-09-19,1,39.0,0.39,0.39
2014-09-20,1,39.0,0.39,0.39
2014-09-21,1,39.0,0.39,0.39
2014-09-22,1,39.0,0.39,0.39
2014-09-23,1,39.0,0.39,0.39
2014-09-24,97,39.0,0.39,37.83
2014-09-25,1,39.0,0.39,0.39
2014-09-26,1,39.0,0.39,0.39
2014-09-27,1,39.0,0.39,0.39
2014-09-28,1,39.0,0.39,0.39
2014-09-29,1,39.0,0.39,0.39
2014-09-30,1,39.0,0.39,0.39
2014-10-01,1,51.0,0.51,0.51
2014-10-02,1,51.0,0.51,0.51
2014-10-03,1,51.0,0.51,0.51
2014-10-04,1,51.0,0.51,0.51
2014-10-05,1,51.0,0.51,0.51
2014-10-06,1,51.0,0.51,0.51
2014-10-07,93,51.0,0.51,47.43
2014-10-08,93,51.0,0.51,47.43
2014-10-09,1,51.0,0.51,0.51
2014-10-10,1,51.0,0.51,0.51
2014-10-11,1,51.0,0.51,0.51
2014-10-12,1,51.0,0.51,0.51
2014-10-13,1,51.0,0.51,0.51
2014-10-14,92,51.0,0.51,46.92
2014-10-15,1,51.0,0.51,0.51
2014-10-16,1,51.0,0.51,0.51
2014-10-17,97,51.0,0.51,49.47
2014-10-18,1,51.0,0.51,0.51
2014-10-19,1,51.0,0.51,0.51
2014-10-20,1,51.0,0.51,0.51
2014-10-21,1,51.0,0.51,0.51
2014-10-22,1,51.0,0.51,0.51
2014-10-23,1,51.0,0.51,0.51
2014-10-24,1,51.0,0.51,0.51
2014-10-25,1,51.0,0.51,0.51
2014-10-26,1,51.0,0.51,0.51
2014-10-27,1,51.0,0.51,0.51
2014-10-28,1,51.0,0.51,0.51
2014-10-29,1,51.0,0.51,0.51
2014-10-30,1,51.0,0.51,0.51
2014-10-31,101,51.0,0.51,51.51
2014-11-01,1,49.0,0.49,0.49
2014-11-02,1,49.0,0.49,0.49
2014-11-03,1,49.0,0.49,0.49
2014-11-04,1,49.0,0.49,0.49
2014-11-05,48,49.0,0.49,23.52
2014-11-06,99,49.0,0.49,48.51
2014-11-07,52,49.0,0.49,25.48
2014-11-08,1,49.0,0.49,0.49
2014-11-09,1,49.0,0.49,0.49
2014-11-10,1,49.0,0.49,0.49
2014-11-11,1,49.0,0.49,0.49
2014-11-12,1,49.0,0.49,0.49
2014-11-13,50,49.0,0.49,24.5
2014-11-14,51,49.0,0.49,24.99
2014-11-15,1,49.0,0.49,0.49
2014-11-16,1,49.0,0.49,0.49
2014-11-17,49,49.0,0.49,24.009999999999998
2014-11-18,53,49.0,0.49,25.97
2014-11-19,1,49.0,0.49,0.49
2014-11-20,1,49.0,0.49,0.49
2014-11-21,101,49.0,0.49,49.49
2014-11-22,1,49.0,0.49,0.49
2014-11-23,1,49.0,0.49,0.49
2014-11-24,1,49.0,0.49,0.49
2014-11-25,51,49.0,0.49,24.99
2014-11-26,1,49.0,0.49,0.49
2014-11-27,1,49.0,0.49,0.49
2014-11-28,1,49.0,0.49,0.49
2014-11-29,1,49.0,0.49,0.49
2014-11-30,1,49.0,0.49,0.49
2014-12-01,1,43.0,0.43,0.43
2014-12-02,1,43.0,0.43,0.43
2014-12-03,48,43.0,0.43,20.64
2014-12-04,94,43.0,0.43,40.42
2014-12-05,1,43.0,0.43,0.43
2014-12-06,1,43.0,0.43,0.43
2014-12-07,1,43.0,0.43,0.43
2014-12-08,1,43.0,0.43,0.43
2014-12-09,47,43.0,0.43,20.21
2014-12-10,1,43.0,0.43,0.43
2014-12-11,1,43.0,0.43,0.43
2014-12-12,1,43.0,0.43,0.43
2014-12-13,1,43.0,0.43,0.43
2014-12-14,1,43.0,0.43,0.43
2014-12-15,1,43.0,0.43,0.43
2014-12-16,1,43.0,0.43,0.43
2014-12-17,101,43.0,0.43,43.43
2014-12-18,1,43.0,0.43,0.43
2014-12-19,55,43.0,0.43,23.65
2014-12-20,1,43.0,0.43,0.43
2014-12-21,1,43.0,0.43,0.43
2014-12-22,1,43.0,0.43,0.43
2014-12-23,1,43.0,0.43,0.43
2014-12-24,1,43.0,0.43,0.43
2014-12-25,1,43.0,0.43,0.43
2014-12-26,1,43.0,0.43,0.43
2014-12-27,1,43.0,0.43,0.43
2014-12-28,1,43.0,0.43,0.43
2014-12-29,1,43.0,0.43,0.43
2014-12-30,1,43.0,0.43,0.43
2014-12-31,1,43.0,0.43,0.43
2015-01-01,1,101.0,1.01,1.01
2015-01-02,1,101.0,1.01,1.01
2015-01-03,1,101.0,1.01,1.01
2015-01-04,1,101.0,1.01,1.01
2015-01-05,1,101.0,1.01,1.01
2015-01-06,21,101.0,1.01,21.21
2015-01-07,41,101.0,1.01,41.410000000000004
2015-01-08,1,101.0,1.01,1.01
2015-01-09,1,101.0,1.01,1.01
2015-01-10,1,101.0,1.01,1.01
2015-01-11,1,101.0,1.01,1.01
2015-01-12,1,101.0,1.01,1.01
2015-01-13,1,101.0,1.01,1.01
2015-01-14,1,101.0,1.01,1.01
2015-01-15,1,101.0,1.01,1.01
2015-01-16,22,101.0,1.01,22.22
2015-01-17,26,101.0,1.01,26.26
2015-01-18,26,101.0,1.01,26.26
2015-01-19,1,101.0,1.01,1.01
2015-01-20,20,101.0,1.01,20.2
2015-01-21,40,101.0,1.01,40.4
2015-01-22,60,101.0,1.01,60.6
2015-01-23,101,101.0,1.01,102.01
2015-01-24,1,101.0,1.01,1.01
2015-01-25,1,101.0,1.01,1.01
2015-01-26,20,101.0,1.01,20.2
2015-01-27,1,101.0,1.01,1.01
2015-01-28,1,101.0,1.01,1.01
2015-01-29,40,101.0,1.01,40.4
2015-01-30,21,101.0,1.01,21.21
2015-01-31,1,101.0,1.01,1.01
2015-02-01,1,20.0,0.2,0.2
2015-02-02,1,20.0,0.2,0.2
2015-02-03,1,20.0,0.2,0.2
2015-02-04,1,20.0,0.2,0.2
2015-02-05,1,20.0,0.2,0.2
2015-02-06,84,20.0,0.2,16.8
2015-02-07,1,20.0,0.2,0.2
2015-02-08,101,20.0,0.2,20.200000000000003
2015-02-09,78,20.0,0.2,15.600000000000001
2015-02-10,1,20.0,0.2,0.2
2015-02-11,1,20.0,0.2,0.2
2015-02-12,1,20.0,0.2,0.2
2015-02-13,1,20.0,0.2,0.2
2015-02-14,1,20.0,0.2,0.2
2015-02-15,1,20.0,0.2,0.2
2015-02-16,1,20.0,0.2,0.2
2015-02-17,1,20.0,0.2,0.2
2015-02-18,1,20.0,0.2,0.2
2015-02-19,1,20.0,0.2,0.2
2015-02-20,85,20.0,0.2,17.0
2015-02-21,1,20.0,0.2,0.2
2015-02-22,1,20.0,0.2,0.2
2015-02-23,1,20.0,0.2,0.2
2015-02-24,1,20.0,0.2,0.2
2015-02-25,1,20.0,0.2,0.2
2015-02-26,81,20.0,0.2,16.2
2015-02-27,1,20.0,0.2,0.2
2015-02-28,1,20.0,0.2,0.2
2015-03-01,1,33.0,0.33,0.33
2015-03-02,1,33.0,0.33,0.33
2015-03-03,1,33.0,0.33,0.33
2015-03-04,1,33.0,0.33,0.33
2015-03-05,101,33.0,0.33,33.33
2015-03-06,1,33.0,0.33,0.33
2015-03-07,1,33.0,0.33,0.33
2015-03-08,1,33.0,0.33,0.33
2015-03-09,1,33.0,0.33,0.33
2015-03-10,1,33.0,0.33,0.33
2015-03-11,52,33.0,0.33,17.16
2015-03-12,1,33.0,0.33,0.33
2015-03-13,1,33.0,0.33,0.33
2015-03-14,1,33.0,0.33,0.33
2015-03-15,1,33.0,0.33,0.33
2015-03-16,1,33.0,0.33,0.33
2015-03-17,1,33.0,0.33,0.33
2015-03-18,1,33.0,0.33,0.33
2015-03-19,52,33.0,0.33,17.16
2015-03-20,53,33.0,0.33,17.490000000000002
2015-03-21,1,33.0,0.33,0.33
2015-03-22,1,33.0,0.33,0.33
2015-03-23,1,33.0,0.33,0.33
2015-03-24,1,33.0,0.33,0.33
2015-03-25,1,33.0,0.33,0.33
2015-03-26,1,33.0,0.33,0.33
2015-03-27,1,33.0,0.33,0.33
2015-03-28,1,33.0,0.33,0.33
2015-03-29,1,33.0,0.33,0.33
2015-03-30,1,33.0,0.33,0.33
2015-03-31,1,33.0,0.33,0.33
2015-04-01,1,76.0,0.76,0.76
2015-04-02,1,76.0,0.76,0.76
2015-04-03,1,76.0,0.76,0.76
2015-04-04,1,76.0,0.76,0.76
2015-04-05,1,76.0,0.76,0.76
2015-04-06,1,76.0,0.76,0.76
2015-04-07,1,76.0,0.76,0.76
2015-04-08,8,76.0,0.76,6.08
2015-04-09,1,76.0,0.76,0.76
2015-04-10,1,76.0,0.76,0.76
2015-04-11,1,76.0,0.76,0.76
2015-04-12,1,76.0,0.76,0.76
2015-04-13,1,76.0,0.76,0.76
2015-04-14,1,76.0,0.76,0.76
2015-04-15,101,76.0,0.76,76.76
2015-04-16,23,76.0,0.76,17.48
2015-04-17,24,76.0,0.76,18.240000000000002
2015-04-18,1,76.0,0.76,0.76
2015-04-19,20,76.0,0.76,15.2
2015-04-20,15,76.0,0.76,11.4
2015-04-21,8,76.0,0.76,6.08
2015-04-22,1,76.0,0.76,0.76
2015-04-23,1,76.0,0.76,0.76
2015-04-24,1,76.0,0.76,0.76
2015-04-25,1,76.0,0.76,0.76
2015-04-26,1,76.0,0.76,0.76
2015-04-27,1,76.0,0.76,0.76
2015-04-28,1,76.0,0.76,0.76
2015-04-29,1,76.0,0.76,0.76
2015-04-30,1,76.0,0.76,0.76
2015-05-01,1,11.0,0.11,0.11
2015-05-02,1,11.0,0.11,0.11
2015-05-03,1,11.0,0.11,0.11
2015-05-04,1,11.0,0.11,0.11
2015-05-05,1,11.0,0.11,0.11
2015-05-06,75,11.0,0.11,8.25
2015-05-07,1,11.0,0.11,0.11
2015-05-08,1,11.0,0.11,0.11
2015-05-09,101,11.0,0.11,11.11
2015-05-10,1,11.0,0.11,0.11
2015-05-11,1,11.0,0.11,0.11
2015-05-12,1,11.0,0.11,0.11
2015-05-13,1,11.0,0.11,0.11
2015-05-14,1,11.0,0.11,0.11
2015-05-15,1,11.0,0.11,0.11
2015-05-16,1,11.0,0.11,0.11
2015-05-17,1,11.0,0.11,0.11
2015-05-18,1,11.0,0.11,0.11
2015-05-19,1,11.0,0.11,0.11
2015-05-20,1,11.0,0.11,0.11
2015-05-21,1,11.0,0.11,0.11
2015-05-22,1,11.0,0.11,0.11
2015-05-23,1,11.0,0.11,0.11
2015-05-24,1,11.0,0.11,0.11
2015-05-25,1,11.0,0.11,0.11
2015-05-26,1,11.0,0.11,0.11
2015-05-27,1,11.0,0.11,0.11
2015-05-28,1,11.0,0.11,0.11
2015-05-29,1,11.0,0.11,0.11
2015-05-30,1,11.0,0.11,0.11
2015-05-31,1,11.0,0.11,0.11
2015-06-01,1,16.0,0.16,0.16
2015-06-02,1,16.0,0.16,0.16
2015-06-03,49,16.0,0.16,7.84
2015-06-04,1,16.0,0.16,0.16
2015-06-05,1,16.0,0.16,0.16
2015-06-06,63,16.0,0.16,10.08
2015-06-07,1,16.0,0.16,0.16
2015-06-08,1,16.0,0.16,0.16
2015-06-09,1,16.0,0.16,0.16
2015-06-10,1,16.0,0.16,0.16
2015-06-11,1,16.0,0.16,0.16
2015-06-12,1,16.0,0.16,0.16
2015-06-13,1,16.0,0.16,0.16
2015-06-14,1,16.0,0.16,0.16
2015-06-15,1,16.0,0.16,0.16
2015-06-16,1,16.0,0.16,0.16
2015-06-17,1,16.0,0.16,0.16
2015-06-18,1,16.0,0.16,0.16
2015-06-19,101,16.0,0.16,16.16
2015-06-20,1,16.0,0.16,0.16
2015-06-21,1,16.0,0.16,0.16
2015-06-22,1,16.0,0.16,0.16
2015-06-23,1,16.0,0.16,0.16
2015-06-24,1,16.0,0.16,0.16
2015-06-25,1,16.0,0.16,0.16
2015-06-26,1,16.0,0.16,0.16
2015-06-27,1,16.0,0.16,0.16
2015-06-28,1,16.0,0.16,0.16
2015-06-29,49,16.0,0.16,7.84
2015-06-30,1,16.0,0.16,0.16
2015-07-01,1,30.0,0.3,0.3
2015-07-02,1,30.0,0.3,0.3
2015-07-03,1,30.0,0.3,0.3
2015-07-04,1,30.0,0.3,0.3
2015-07-05,71,30.0,0.3,21.3
2015-07-06,1,30.0,0.3,0.3
2015-07-07,1,30.0,0.3,0.3
2015-07-08,1,30.0,0.3,0.3
2015-07-09,51,30.0,0.3,15.299999999999999
2015-07-10,1,30.0,0.3,0.3
2015-07-11,1,30.0,0.3,0.3
2015-07-12,65,30.0,0.3,19.5
2015-07-13,1,30.0,0.3,0.3
2015-07-14,50,30.0,0.3,15.0
2015-07-15,1,30.0,0.3,0.3
2015-07-16,101,30.0,0.3,30.299999999999997
2015-07-17,1,30.0,0.3,0.3
2015-07-18,1,30.0,0.3,0.3
2015-07-19,1,30.0,0.3,0.3
2015-07-20,1,30.0,0.3,0.3
2015-07-21,1,30.0,0.3,0.3
2015-07-22,1,30.0,0.3,0.3
2015-07-23,1,30.0,0.3,0.3
2015-07-24,1,30.0,0.3,0.3
2015-07-25,1,30.0,0.3,0.3
2015-07-26,1,30.0,0.3,0.3
2015-07-27,1,30.0,0.3,0.3
2015-07-28,1,30.0,0.3,0.3
2015-07-29,1,30.0,0.3,0.3
2015-07-30,1,30.0,0.3,0.3
2015-07-31,1,30.0,0.3,0.3
2015-08-01,1,6.0,0.06,0.06
2015-08-02,1,6.0,0.06,0.06
2015-08-03,1,6.0,0.06,0.06
2015-08-04,1,6.0,0.06,0.06
2015-08-05,1,6.0,0.06,0.06
2015-08-06,1,6.0,0.06,0.06
2015-08-07,1,6.0,0.06,0.06
2015-08-08,1,6.0,0.06,0.06
2015-08-09,68,6.0,0.06,4.08
2015-08-10,1,6.0,0.06,0.06
2015-08-11,1,6.0,0.06,0.06
2015-08-12,1,6.0,0.06,0.06
2015-08-13,1,6.0,0.06,0.06
2015-08-14,1,6.0,0.06,0.06
2015-08-15,1,6.0,0.06,0.06
2015-08-16,1,6.0,0.06,0.06
2015-08-17,1,6.0,0.06,0.06
2015-08-18,1,6.0,0.06,0.06
2015-08-19,1,6.0,0.06,0.06
2015-08-20,52,6.0,0.06,3.12
2015-08-21,1,6.0,0.06,0.06
2015-08-22,1,6.0,0.06,0.06
2015-08-23,1,6.0,0.06,0.06
2015-08-24,101,6.0,0.06,6.06
2015-08-25,1,6.0,0.06,0.06
2015-08-26,1,6.0,0.06,0.06
2015-08-27,1,6.0,0.06,0.06
2015-08-28,52,6.0,0.06,3.12
2015-08-29,1,6.0,0.06,0.06
2015-08-30,1,6.0,0.06,0.06
2015-08-31,1,6.0,0.06,0.06
2015-09-01,33,39.0,0.39,12.870000000000001
2015-09-02,34,39.0,0.39,13.26
2015-09-03,101,39.0,0.39,39.39
2015-09-04,1,39.0,0.39,0.39
2015-09-05,44,39.0,0.39,17.16
2015-09-06,1,39.0,0.39,0.39
2015-09-07,1,39.0,0.39,0.39
2015-09-08,1,39.0,0.39,0.39
2015-09-09,1,39.0,0.39,0.39
2015-09-10,1,39.0,0.39,0.39
2015-09-11,1,39.0,0.39,0.39
2015-09-12,1,39.0,0.39,0.39
2015-09-13,1,39.0,0.39,0.39
2015-09-14,1,39.0,0.39,0.39
2015-09-15,33,39.0,0.39,12.870000000000001
2015-09-16,1,39.0,0.39,0.39
2015-09-17,1,39.0,0.39,0.39
2015-09-18,1,39.0,0.39,0.39
2015-09-19,1,39.0,0.39,0.39
2015-09-20,1,39.0,0.39,0.39
2015-09-21,32,39.0,0.39,12.48
2015-09-22,1,39.0,0.39,0.39
2015-09-23,1,39.0,0.39,0.39
2015-09-24,1,39.0,0.39,0.39
2015-09-25,1,39.0,0.39,0.39
2015-09-26,1,39.0,0.39,0.39
2015-09-27,1,39.0,0.39,0.39
2015-09-28,1,39.0,0.39,0.39
2015-09-29,1,39.0,0.39,0.39
2015-09-30,1,39.0,0.39,0.39
2015-10-01,1,32.0,0.32,0.32
2015-10-02,78,32.0,0.32,24.96
2015-10-03,1,32.0,0.32,0.32
2015-10-04,1,32.0,0.32,0.32
2015-10-05,1,32.0,0.32,0.32
2015-10-06,1,32.0,0.32,0.32
2015-10-07,1,32.0,0.32,0.32
2015-10-08,1,32.0,0.32,0.32
2015-10-09,1,32.0,0.32,0.32
2015-10-10,101,32.0,0.32,32.32
2015-10-11,1,32.0,0.32,0.32
2015-10-12,1,32.0,0.32,0.32
2015-10-13,76,32.0,0.32,24.32
2015-10-14,1,32.0,0.32,0.32
2015-10-15,1,32.0,0.32,0.32
2015-10-16,1,32.0,0.32,0.32
2015-10-17,1,32.0,0.32,0.32
2015-10-18,1,32.0,0.32,0.32
2015-10-19,1,32.0,0.32,0.32
2015-10-20,1,32.0,0.32,0.32
2015-10-21,1,32.0,0.32,0.32
2015-10-22,76,32.0,0.32,24.32
2015-10-23,78,32.0,0.32,24.96
2015-10-24,1,32.0,0.32,0.32
2015-10-25,1,32.0,0.32,0.32
2015-10-26,74,32.0,0.32,23.68
2015-10-27,1,32.0,0.32,0.32
2015-10-28,1,32.0,0.32,0.32
2015-10-29,1,32.0,0.32,0.32
2015-10-30,1,32.0,0.32,0.32
2015-10-31,1,32.0,0.32,0.32
2015-11-01,1,28.0,0.28,0.28
2015-11-02,77,28.0,0.28,21.560000000000002
2015-11-03,75,28.0,0.28,21.000000000000004
2015-11-04,1,28.0,0.28,0.28
2015-11-05,78,28.0,0.28,21.840000000000003
2015-11-06,1,28.0,0.28,0.28
2015-11-07,101,28.0,0.28,28.28
2015-11-08,1,28.0,0.28,0.28
2015-11-09,1,28.0,0.28,0.28
2015-11-10,1,28.0,0.28,0.28
2015-11-11,1,28.0,0.28,0.28
2015-11-12,81,28.0,0.28,22.680000000000003
2015-11-13,1,28.0,0.28,0.28
2015-11-14,1,28.0,0.28,0.28
2015-11-15,1,28.0,0.28,0.28
2015-11-16,1,28.0,0.28,0.28
2015-11-17,1,28.0,0.28,0.28
2015-11-18,1,28.0,0.28,0.28
2015-11-19,1,28.0,0.28,0.28
2015-11-20,1,28.0,0.28,0.28
2015-11-21,100,28.0,0.28,28.000000000000004
2015-11-22,1,28.0,0.28,0.28
2015-11-23,80,28.0,0.28,22.400000000000002
2015-11-24,1,28.0,0.28,0.28
2015-11-25,1,28.0,0.28,0.28
2015-11-26,1,28.0,0.28,0.28
2015-11-27,1,28.0,0.28,0.28
2015-11-28,1,28.0,0.28,0.28
2015-11-29,1,28.0,0.28,0.28
2015-11-30,1,28.0,0.28,0.28
2015-12-01,33,46.0,0.46,15.180000000000001
2015-12-02,1,46.0,0.46,0.46
2015-12-03,101,46.0,0.46,46.46
2015-12-04,1,46.0,0.46,0.46
2015-12-05,1,46.0,0.46,0.46
2015-12-06,1,46.0,0.46,0.46
2015-12-07,99,46.0,0.46,45.54
2015-12-08,1,46.0,0.46,0.46
2015-12-09,1,46.0,0.46,0.46
2015-12-10,1,46.0,0.46,0.46
2015-12-11,1,46.0,0.46,0.46
2015-12-12,45,46.0,0.46,20.7
2015-12-13,1,46.0,0.46,0.46
2015-12-14,1,46.0,0.46,0.46
2015-12-15,35,46.0,0.46,16.1
2015-12-16,1,46.0,0.46,0.46
2015-12-17,1,46.0,0.46,0.46
2015-12-18,1,46.0,0.46,0.46
2015-12-19,1,46.0,0.46,0.46
2015-12-20,1,46.0,0.46,0.46
2015-12-21,1,46.0,0.46,0.46
2015-12-22,1,46.0,0.46,0.46
2015-12-23,1,46.0,0.46,0.46
2015-12-24,1,46.0,0.46,0.46
2015-12-25,1,46.0,0.46,0.46
2015-12-26,1,46.0,0.46,0.46
2015-12-27,1,46.0,0.46,0.46
2015-12-28,1,46.0,0.46,0.46
2015-12-29,1,46.0,0.46,0.46
2015-12-30,1,46.0,0.46,0.46
2015-12-31,1,46.0,0.46,0.46
2016-01-01,1,56.0,0.56,0.56
2016-01-02,1,56.0,0.56,0.56
2016-01-03,1,56.0,0.56,0.56
2016-01-04,1,56.0,0.56,0.56
2016-01-05,1,56.0,0.56,0.56
2016-01-06,52,56.0,0.56,29.120000000000005
2016-01-07,51,56.0,0.56,28.560000000000002
2016-01-08,1,56.0,0.56,0.56
2016-01-09,1,56.0,0.56,0.56
2016-01-10,1,56.0,0.56,0.56
2016-01-11,1,56.0,0.56,0.56
2016-01-12,1,56.0,0.56,0.56
2016-01-13,51,56.0,0.56,28.560000000000002
2016-01-14,1,56.0,0.56,0.56
2016-01-15,52,56.0,0.56,29.120000000000005
2016-01-16,1,56.0,0.56,0.56
2016-01-17,1,56.0,0.56,0.56
2016-01-18,1,56.0,0.56,0.56
2016-01-19,1,56.0,0.56,0.56
2016-01-20,1,56.0,0.56,0.56
2016-01-21,101,56.0,0.56,56.56
2016-01-22,52,56.0,0.56,29.120000000000005
2016-01-23,59,56.0,0.56,33.040000000000006
2016-01-24,1,56.0,0.56,0.56
2016-01-25,1,56.0,0.56,0.56
2016-01-26,1,56.0,0.56,0.56
2016-01-27,51,56.0,0.56,28.560000000000002
2016-01-28,1,56.0,0.56,0.56
2016-01-29,1,56.0,0.56,0.56
2016-01-30,1,56.0,0.56,0.56
2016-01-31,59,56.0,0.56,33.040000000000006
2016-02-01,101,20.0,0.2,20.200000000000003
2016-02-02,1,20.0,0.2,0.2
2016-02-03,1,20.0,0.2,0.2
2016-02-04,1,20.0,0.2,0.2
2016-02-05,1,20.0,0.2,0.2
2016-02-06,1,20.0,0.2,0.2
2016-02-07,1,20.0,0.2,0.2
2016-02-08,1,20.0,0.2,0.2
2016-02-09,1,20.0,0.2,0.2
2016-02-10,1,20.0,0.2,0.2
2016-02-11,52,20.0,0.2,10.4
2016-02-12,1,20.0,0.2,0.2
2016-02-13,1,20.0,0.2,0.2
2016-02-14,1,20.0,0.2,0.2
2016-02-15,1,20.0,0.2,0.2
2016-02-16,1,20.0,0.2,0.2
2016-02-17,1,20.0,0.2,0.2
2016-02-18,1,20.0,0.2,0.2
2016-02-19,1,20.0,0.2,0.2
2016-02-20,1,20.0,0.2,0.2
2016-02-21,1,20.0,0.2,0.2
2016-02-22,1,20.0,0.2,0.2
2016-02-23,1,20.0,0.2,0.2
2016-02-24,1,20.0,0.2,0.2
2016-02-25,1,20.0,0.2,0.2
2016-02-26,53,20.0,0.2,10.600000000000001
2016-02-27,1,20.0,0.2,0.2
2016-02-28,1,20.0,0.2,0.2
2016-02-29,1,20.0,0.2,0.2
2016-03-01,1,30.0,0.3,0.3
2016-03-02,1,30.0,0.3,0.3
2016-03-03,1,30.0,0.3,0.3
2016-03-04,1,30.0,0.3,0.3
2016-03-05,1,30.0,0.3,0.3
2016-03-06,1,30.0,0.3,0.3
2016-03-07,1,30.0,0.3,0.3
2016-03-08,34,30.0,0.3,10.2
2016-03-09,1,30.0,0.3,0.3
2016-03-10,101,30.0,0.3,30.299999999999997
2016-03-11,70,30.0,0.3,21.0
2016-03-12,1,30.0,0.3,0.3
2016-03-13,40,30.0,0.3,12.0
2016-03-14,1,30.0,0.3,0.3
2016-03-15,1,30.0,0.3,0.3
2016-03-16,1,30.0,0.3,0.3
2016-03-17,1,30.0,0.3,0.3
2016-03-18,1,30.0,0.3,0.3
2016-03-19,1,30.0,0.3,0.3
2016-03-20,1,30.0,0.3,0.3
2016-03-21,1,30.0,0.3,0.3
2016-03-22,1,30.0,0.3,0.3
2016-03-23,1,30.0,0.3,0.3
2016-03-24,1,30.0,0.3,0.3
2016-03-25,1,30.0,0.3,0.3
2016-03-26,1,30.0,0.3,0.3
2016-03-27,1,30.0,0.3,0.3
2016-03-28,1,30.0,0.3,0.3
2016-03-29,1,30.0,0.3,0.3
2016-03-30,1,30.0,0.3,0.3
2016-03-31,1,30.0,0.3,0.3
2016-04-01,51,16.0,0.16,8.16
2016-04-02,1,16.0,0.16,0.16
2016-04-03,1,16.0,0.16,0.16
2016-04-04,1,16.0,0.16,0.16
2016-04-05,1,16.0,0.16,0.16
2016-04-06,1,16.0,0.16,0.16
2016-04-07,1,16.0,0.16,0.16
2016-04-08,1,16.0,0.16,0.16
2016-04-09,1,16.0,0.16,0.16
2016-04-10,59,16.0,0.16,9.44
2016-04-11,1,16.0,0.16,0.16
2016-04-12,1,16.0,0.16,0.16
2016-04-13,50,16.0,0.16,8.0
2016-04-14,1,16.0,0.16,0.16
2016-04-15,1,16.0,0.16,0.16
2016-04-16,1,16.0,0.16,0.16
2016-04-17,1,16.0,0.16,0.16
2016-04-18,99,16.0,0.16,15.84
2016-04-19,1,16.0,0.16,0.16
2016-04-20,50,16.0,0.16,8.0
2016-04-21,49,16.0,0.16,7.84
2016-04-22,101,16.0,0.16,16.16
2016-04-23,1,16.0,0.16,0.16
2016-04-24,1,16.0,0.16,0.16
2016-04-25,1,16.0,0.16,0.16
2016-04-26,1,16.0,0.16,0.16
2016-04-27,1,16.0,0.16,0.16
2016-04-28,1,16.0,0.16,0.16
2016-04-29,1,16.0,0.16,0.16
2016-04-30,1,16.0,0.16,0.16
2016-05-01,1,12.0,0.12,0.12
2016-05-02,1,12.0,0.12,0.12
2016-05-03,95,12.0,0.12,11.4
2016-05-04,1,12.0,0.12,0.12
2016-05-05,1,12.0,0.12,0.12
2016-05-06,1,12.0,0.12,0.12
2016-05-07,1,12.0,0.12,0.12
2016-05-08,1,12.0,0.12,0.12
2016-05-09,1,12.0,0.12,0.12
2016-05-10,1,12.0,0.12,0.12
2016-05-11,99,12.0,0.12,11.879999999999999
2016-05-12,1,12.0,0.12,0.12
2016-05-13,101,12.0,0.12,12.12
2016-05-14,1,12.0,0.12,0.12
2016-05-15,1,12.0,0.12,0.12
2016-05-16,1,12.0,0.12,0.12
2016-05-17,1,12.0,0.12,0.12
2016-05-18,1,12.0,0.12,0.12
2016-05-19,1,12.0,0.12,0.12
2016-05-20,1,12.0,0.12,0.12
2016-05-21,1,12.0,0.12,0.12
2016-05-22,1,12.0,0.12,0.12
2016-05-23,1,12.0,0.12,0.12
2016-05-24,1,12.0,0.12,0.12
2016-05-25,1,12.0,0.12,0.12
2016-05-26,1,12.0,0.12,0.12
2016-05-27,1,12.0,0.12,0.12
2016-05-28,1,12.0,0.12,0.12
2016-05-29,1,12.0,0.12,0.12
2016-05-30,1,12.0,0.12,0.12
2016-05-31,1,12.0,0.12,0.12
2016-06-01,1,36.0,0.36,0.36
2016-06-02,1,36.0,0.36,0.36
2016-06-03,1,36.0,0.36,0.36
2016-06-04,1,36.0,0.36,0.36
2016-06-05,1,36.0,0.36,0.36
2016-06-06,1,36.0,0.36,0.36
2016-06-07,1,36.0,0.36,0.36
2016-06-08,1,36.0,0.36,0.36
2016-06-09,1,36.0,0.36,0.36
2016-06-10,1,36.0,0.36,0.36
2016-06-11,1,36.0,0.36,0.36
2016-06-12,1,36.0,0.36,0.36
2016-06-13,1,36.0,0.36,0.36
2016-06-14,1,36.0,0.36,0.36
2016-06-15,1,36.0,0.36,0.36
2016-06-16,1,36.0,0.36,0.36
2016-06-17,54,36.0,0.36,19.439999999999998
2016-06-18,1,36.0,0.36,0.36
2016-06-19,1,36.0,0.36,0.36
2016-06-20,51,36.0,0.36,18.36
2016-06-21,52,36.0,0.36,18.72
2016-06-22,1,36.0,0.36,0.36
2016-06-23,1,36.0,0.36,0.36
2016-06-24,53,36.0,0.36,19.08
2016-06-25,1,36.0,0.36,0.36
2016-06-26,1,36.0,0.36,0.36
2016-06-27,1,36.0,0.36,0.36
2016-06-28,101,36.0,0.36,36.36
2016-06-29,1,36.0,0.36,0.36
2016-06-30,53,36.0,0.36,19.08
2016-07-01,1,36.0,0.36,0.36
2016-07-02,1,36.0,0.36,0.36
2016-07-03,1,36.0,0.36,0.36
2016-07-04,1,36.0,0.36,0.36
2016-07-05,1,36.0,0.36,0.36
2016-07-06,85,36.0,0.36,30.599999999999998
2016-07-07,1,36.0,0.36,0.36
2016-07-08,1,36.0,0.36,0.36
2016-07-09,1,36.0,0.36,0.36
2016-07-10,1,36.0,0.36,0.36
2016-07-11,1,36.0,0.36,0.36
2016-07-12,1,36.0,0.36,0.36
2016-07-13,87,36.0,0.36,31.32
2016-07-14,1,36.0,0.36,0.36
2016-07-15,87,36.0,0.36,31.32
2016-07-16,1,36.0,0.36,0.36
2016-07-17,101,36.0,0.36,36.36
2016-07-18,1,36.0,0.36,0.36
2016-07-19,1,36.0,0.36,0.36
2016-07-20,86,36.0,0.36,30.959999999999997
2016-07-21,87,36.0,0.36,31.32
2016-07-22,1,36.0,0.36,0.36
2016-07-23,1,36.0,0.36,0.36
2016-07-24,100,36.0,0.36,36.0
2016-07-25,1,36.0,0.36,0.36
2016-07-26,1,36.0,0.36,0.36
2016-07-27,1,36.0,0.36,0.36
2016-07-28,1,36.0,0.36,0.36
2016-07-29,1,36.0,0.36,0.36
2016-07-30,1,36.0,0.36,0.36
2016-07-31,1,36.0,0.36,0.36
2016-08-01,1,5.0,0.05,0.05
2016-08-02,1,5.0,0.05,0.05
2016-08-03,1,5.0,0.05,0.05
2016-08-04,101,5.0,0.05,5.050000000000001
2016-08-05,1,5.0,0.05,0.05
2016-08-06,1,5.0,0.05,0.05
2016-08-07,1,5.0,0.05,0.05
2016-08-08,1,5.0,0.05,0.05
2016-08-09,1,5.0,0.05,0.05
2016-08-10,1,5.0,0.05,0.05
2016-08-11,1,5.0,0.05,0.05
2016-08-12,1,5.0,0.05,0.05
2016-08-13,1,5.0,0.05,0.05
2016-08-14,1,5.0,0.05,0.05
2016-08-15,1,5.0,0.05,0.05
2016-08-16,1,5.0,0.05,0.05
2016-08-17,1,5.0,0.05,0.05
2016-08-18,1,5.0,0.05,0.05
2016-08-19,1,5.0,0.05,0.05
2016-08-20,1,5.0,0.05,0.05
2016-08-21,1,5.0,0.05,0.05
2016-08-22,1,5.0,0.05,0.05
2016-08-23,1,5.0,0.05,0.05
2016-08-24,1,5.0,0.05,0.05
2016-08-25,1,5.0,0.05,0.05
2016-08-26,1,5.0,0.05,0.05
2016-08-27,1,5.0,0.05,0.05
2016-08-28,1,5.0,0.05,0.05
2016-08-29,1,5.0,0.05,0.05
2016-08-30,1,5.0,0.05,0.05
2016-08-31,1,5.0,0.05,0.05
2016-09-01,1,16.0,0.16,0.16
2016-09-02,36,16.0,0.16,5.76
2016-09-03,1,16.0,0.16,0.16
2016-09-04,1,16.0,0.16,0.16
2016-09-05,1,16.0,0.16,0.16
2016-09-06,1,16.0,0.16,0.16
2016-09-07,1,16.0,0.16,0.16
2016-09-08,101,16.0,0.16,16.16
2016-09-09,1,16.0,0.16,0.16
2016-09-10,1,16.0,0.16,0.16
2016-09-11,1,16.0,0.16,0.16
2016-09-12,1,16.0,0.16,0.16
2016-09-13,1,16.0,0.16,0.16
2016-09-14,1,16.0,0.16,0.16
2016-09-15,1,16.0,0.16,0.16
2016-09-16,1,16.0,0.16,0.16
2016-09-17,1,16.0,0.16,0.16
2016-09-18,1,16.0,0.16,0.16
2016-09-19,1,16.0,0.16,0.16
2016-09-20,1,16.0,0.16,0.16
2016-09-21,1,16.0,0.16,0.16
2016-09-22,35,16.0,0.16,5.6000000000000005
2016-09-23,1,16.0,0.16,0.16
2016-09-24,1,16.0,0.16,0.16
2016-09-25,1,16.0,0.16,0.16
2016-09-26,1,16.0,0.16,0.16
2016-09-27,1,16.0,0.16,0.16
2016-09-28,1,16.0,0.16,0.16
2016-09-29,1,16.0,0.16,0.16
2016-09-30,1,16.0,0.16,0.16
2016-10-01,1,19.0,0.19,0.19
2016-10-02,1,19.0,0.19,0.19
2016-10-03,1,19.0,0.19,0.19
2016-10-04,96,19.0,0.19,18.240000000000002
2016-10-05,1,19.0,0.19,0.19
2016-10-06,1,19.0,0.19,0.19
2016-10-07,1,19.0,0.19,0.19
2016-10-08,1,19.0,0.19,0.19
2016-10-09,1,19.0,0.19,0.19
2016-10-10,1,19.0,0.19,0.19
2016-10-11,1,19.0,0.19,0.19
2016-10-12,1,19.0,0.19,0.19
2016-10-13,1,19.0,0.19,0.19
2016-10-14,1,19.0,0.19,0.19
2016-10-15,1,19.0,0.19,0.19
2016-10-16,1,19.0,0.19,0.19
2016-10-17,1,19.0,0.19,0.19
2016-10-18,98,19.0,0.19,18.62
2016-10-19,99,19.0,0.19,18.81
2016-10-20,99,19.0,0.19,18.81
2016-10-21,101,19.0,0.19,19.19
2016-10-22,1,19.0,0.19,0.19
2016-10-23,1,19.0,0.19,0.19
2016-10-24,98,19.0,0.19,18.62
2016-10-25,1,19.0,0.19,0.19
2016-10-26,1,19.0,0.19,0.19
2016-10-27,1,19.0,0.19,0.19
2016-10-28,1,19.0,0.19,0.19
2016-10-29,1,19.0,0.19,0.19
2016-10-30,1,19.0,0.19,0.19
2016-10-31,1,19.0,0.19,0.19
2016-11-01,1,23.0,0.23,0.23
2016-11-02,1,23.0,0.23,0.23
2016-11-03,54,23.0,0.23,12.42
2016-11-04,1,23.0,0.23,0.23
2016-11-05,1,23.0,0.23,0.23
2016-11-06,1,23.0,0.23,0.23
2016-11-07,1,23.0,0.23,0.23
2016-11-08,1,23.0,0.23,0.23
2016-11-09,1,23.0,0.23,0.23
2016-11-10,1,23.0,0.23,0.23
2016-11-11,1,23.0,0.23,0.23
2016-11-12,1,23.0,0.23,0.23
2016-11-13,1,23.0,0.23,0.23
2016-11-14,1,23.0,0.23,0.23
2016-11-15,1,23.0,0.23,0.23
2016-11-16,1,23.0,0.23,0.23
2016-11-17,1,23.0,0.23,0.23
2016-11-18,1,23.0,0.23,0.23
2016-11-19,1,23.0,0.23,0.23
2016-11-20,1,23.0,0.23,0.23
2016-11-21,1,23.0,0.23,0.23
2016-11-22,1,23.0,0.23,0.23
2016-11-23,1,23.0,0.23,0.23
2016-11-24,1,23.0,0.23,0.23
2016-11-25,1,23.0,0.23,0.23
2016-11-26,1,23.0,0.23,0.23
2016-11-27,1,23.0,0.23,0.23
2016-11-28,1,23.0,0.23,0.23
2016-11-29,101,23.0,0.23,23.23
2016-11-30,1,23.0,0.23,0.23
2016-12-01,1,8.0,0.08,0.08
2016-12-02,1,8.0,0.08,0.08
2016-12-03,1,8.0,0.08,0.08
2016-12-04,1,8.0,0.08,0.08
2016-12-05,1,8.0,0.08,0.08
2016-12-06,1,8.0,0.08,0.08
2016-12-07,1,8.0,0.08,0.08
2016-12-08,1,8.0,0.08,0.08
2016-12-09,1,8.0,0.08,0.08
2016-12-10,101,8.0,0.08,8.08
2016-12-11,1,8.0,0.08,0.08
2016-12-12,1,8.0,0.08,0.08
2016-12-13,1,8.0,0.08,0.08
2016-12-14,1,8.0,0.08,0.08
2016-12-15,1,8.0,0.08,0.08
2016-12-16,1,8.0,0.08,0.08
2016-12-17,1,8.0,0.08,0.08
2016-12-18,1,8.0,0.08,0.08
2016-12-19,1,8.0,0.08,0.08
2016-12-20,1,8.0,0.08,0.08
2016-12-21,1,8.0,0.08,0.08
2016-12-22,1,8.0,0.08,0.08
2016-12-23,1,8.0,0.08,0.08
2016-12-24,1,8.0,0.08,0.08
2016-12-25,1,8.0,0.08,0.08
2016-12-26,1,8.0,0.08,0.08
2016-12-27,1,8.0,0.08,0.08
2016-12-28,1,8.0,0.08,0.08
2016-12-29,1,8.0,0.08,0.08
2016-12-30,1,8.0,0.08,0.08
2016-12-31,1,8.0,0.08,0.08
2017-01-01,1,8.0,0.08,0.08
2017-01-02,1,8.0,0.08,0.08
2017-01-03,1,8.0,0.08,0.08
2017-01-04,1,8.0,0.08,0.08
2017-01-05,1,8.0,0.08,0.08
2017-01-06,1,8.0,0.08,0.08
2017-01-07,1,8.0,0.08,0.08
2017-01-08,1,8.0,0.08,0.08
2017-01-09,1,8.0,0.08,0.08
2017-01-10,1,8.0,0.08,0.08
2017-01-11,1,8.0,0.08,0.08
2017-01-12,1,8.0,0.08,0.08
2017-01-13,1,8.0,0.08,0.08
2017-01-14,1,8.0,0.08,0.08
2017-01-15,1,8.0,0.08,0.08
2017-01-16,1,8.0,0.08,0.08
2017-01-17,101,8.0,0.08,8.08
2017-01-18,1,8.0,0.08,0.08
2017-01-19,101,8.0,0.08,8.08
2017-01-20,1,8.0,0.08,0.08
2017-01-21,1,8.0,0.08,0.08
2017-01-22,1,8.0,0.08,0.08
2017-01-23,1,8.0,0.08,0.08
2017-01-24,1,8.0,0.08,0.08
2017-01-25,1,8.0,0.08,0.08
2017-01-26,1,8.0,0.08,0.08
2017-01-27,1,8.0,0.08,0.08
2017-01-28,1,8.0,0.08,0.08
2017-01-29,1,8.0,0.08,0.08
2017-01-30,1,8.0,0.08,0.08
2017-01-31,1,8.0,0.08,0.08
2017-02-01,1,12.0,0.12,0.12
2017-02-02,1,12.0,0.12,0.12
2017-02-03,1,12.0,0.12,0.12
2017-02-04,1,12.0,0.12,0.12
2017-02-05,1,12.0,0.12,0.12
2017-02-06,96,12.0,0.12,11.52
2017-02-07,1,12.0,0.12,0.12
2017-02-08,101,12.0,0.12,12.12
2017-02-09,1,12.0,0.12,0.12
2017-02-10,1,12.0,0.12,0.12
2017-02-11,1,12.0,0.12,0.12
2017-02-12,1,12.0,0.12,0.12
2017-02-13,1,12.0,0.12,0.12
2017-02-14,1,12.0,0.12,0.12
2017-02-15,1,12.0,0.12,0.12
2017-02-16,1,12.0,0.12,0.12
2017-02-17,1,12.0,0.12,0.12
2017-02-18,1,12.0,0.12,0.12
2017-02-19,1,12.0,0.12,0.12
2017-02-20,1,12.0,0.12,0.12
2017-02-21,1,12.0,0.12,0.12
2017-02-22,1,12.0,0.12,0.12
2017-02-23,1,12.0,0.12,0.12
2017-02-24,1,12.0,0.12,0.12
2017-02-25,1,12.0,0.12,0.12
2017-02-26,1,12.0,0.12,0.12
2017-02-27,1,12.0,0.12,0.12
2017-02-28,1,12.0,0.12,0.12
2017-03-01,1,11.0,0.11,0.11
2017-03-02,1,11.0,0.11,0.11
2017-03-03,1,11.0,0.11,0.11
2017-03-04,1,11.0,0.11,0.11
2017-03-05,1,11.0,0.11,0.11
2017-03-06,1,11.0,0.11,0.11
2017-03-07,1,11.0,0.11,0.11
2017-03-08,1,11.0,0.11,0.11
2017-03-09,1,11.0,0.11,0.11
2017-03-10,1,11.0,0.11,0.11
2017-03-11,101,11.0,0.11,11.11
2017-03-12,94,11.0,0.11,10.34
2017-03-13,1,11.0,0.11,0.11
2017-03-14,1,11.0,0.11,0.11
2017-03-15,1,11.0,0.11,0.11
2017-03-16,1,11.0,0.11,0.11
2017-03-17,1,11.0,0.11,0.11
2017-03-18,1,11.0,0.11,0.11
2017-03-19,1,11.0,0.11,0.11
2017-03-20,1,11.0,0.11,0.11
2017-03-21,1,11.0,0.11,0.11
2017-03-22,1,11.0,0.11,0.11
2017-03-23,1,11.0,0.11,0.11
2017-03-24,86,11.0,0.11,9.46
2017-03-25,1,11.0,0.11,0.11
2017-03-26,1,11.0,0.11,0.11
2017-03-27,1,11.0,0.11,0.11
2017-03-28,85,11.0,0.11,9.35
2017-03-29,1,11.0,0.11,0.11
2017-03-30,1,11.0,0.11,0.11
2017-03-31,1,11.0,0.11,0.11
2017-04-01,101,15.0,0.15,15.149999999999999
2017-04-02,101,15.0,0.15,15.149999999999999
2017-04-03,1,15.0,0.15,0.15
2017-04-04,1,15.0,0.15,0.15
2017-04-05,1,15.0,0.15,0.15
2017-04-06,82,15.0,0.15,12.299999999999999
2017-04-07,1,15.0,0.15,0.15
2017-04-08,1,15.0,0.15,0.15
2017-04-09,1,15.0,0.15,0.15
2017-04-10,1,15.0,0.15,0.15
2017-04-11,1,15.0,0.15,0.15
2017-04-12,1,15.0,0.15,0.15
2017-04-13,1,15.0,0.15,0.15
2017-04-14,1,15.0,0.15,0.15
2017-04-15,1,15.0,0.15,0.15
2017-04-16,1,15.0,0.15,0.15
2017-04-17,1,15.0,0.15,0.15
2017-04-18,1,15.0,0.15,0.15
2017-04-19,84,15.0,0.15,12.6
2017-04-20,1,15.0,0.15,0.15
2017-04-21,1,15.0,0.15,0.15
2017-04-22,1,15.0,0.15,0.15
2017-04-23,1,15.0,0.15,0.15
2017-04-24,83,15.0,0.15,12.45
2017-04-25,1,15.0,0.15,0.15
2017-04-26,1,15.0,0.15,0.15
2017-04-27,1,15.0,0.15,0.15
2017-04-28,1,15.0,0.15,0.15
2017-04-29,1,15.0,0.15,0.15
2017-04-30,1,15.0,0.15,0.15
2017-05-01,1,4.0,0.04,0.04
2017-05-02,1,4.0,0.04,0.04
2017-05-03,1,4.0,0.04,0.04
2017-05-04,1,4.0,0.04,0.04
2017-05-05,1,4.0,0.04,0.04
2017-05-06,1,4.0,0.04,0.04
2017-05-07,1,4.0,0.04,0.04
2017-05-08,1,4.0,0.04,0.04
2017-05-09,1,4.0,0.04,0.04
2017-05-10,1,4.0,0.04,0.04
2017-05-11,1,4.0,0.04,0.04
2017-05-12,1,4.0,0.04,0.04
2017-05-13,1,4.0,0.04,0.04
2017-05-14,1,4.0,0.04,0.04
2017-05-15,1,4.0,0.04,0.04
2017-05-16,1,4.0,0.04,0.04
2017-05-17,101,4.0,0.04,4.04
2017-05-18,1,4.0,0.04,0.04
2017-05-19,1,4.0,0.04,0.04
2017-05-20,1,4.0,0.04,0.04
2017-05-21,1,4.0,0.04,0.04
2017-05-22,1,4.0,0.04,0.04
2017-05-23,1,4.0,0.04,0.04
2017-05-24,1,4.0,0.04,0.04
2017-05-25,1,4.0,0.04,0.04
2017-05-26,1,4.0,0.04,0.04
2017-05-27,1,4.0,0.04,0.04
2017-05-28,1,4.0,0.04,0.04
2017-05-29,1,4.0,0.04,0.04
2017-05-30,1,4.0,0.04,0.04
2017-05-31,1,4.0,0.04,0.04
2017-06-01,97,19.0,0.19,18.43
2017-06-02,1,19.0,0.19,0.19
2017-06-03,1,19.0,0.19,0.19
2017-06-04,1,19.0,0.19,0.19
2017-06-05,1,19.0,0.19,0.19
2017-06-06,1,19.0,0.19,0.19
2017-06-07,1,19.0,0.19,0.19
2017-06-08,1,19.0,0.19,0.19
2017-06-09,99,19.0,0.19,18.81
2017-06-10,1,19.0,0.19,0.19
2017-06-11,1,19.0,0.19,0.19
2017-06-12,1,19.0,0.19,0.19
2017-06-13,1,19.0,0.19,0.19
2017-06-14,1,19.0,0.19,0.19
2017-06-15,1,19.0,0.19,0.19
2017-06-16,1,19.0,0.19,0.19
2017-06-17,1,19.0,0.19,0.19
2017-06-18,1,19.0,0.19,0.19
2017-06-19,1,19.0,0.19,0.19
2017-06-20,1,19.0,0.19,0.19
2017-06-21,1,19.0,0.19,0.19
2017-06-22,1,19.0,0.19,0.19
2017-06-23,1,19.0,0.19,0.19
2017-06-24,1,19.0,0.19,0.19
2017-06-25,1,19.0,0.19,0.19
2017-06-26,1,19.0,0.19,0.19
2017-06-27,1,19.0,0.19,0.19
2017-06-28,1,19.0,0.19,0.19
2017-06-29,101,19.0,0.19,19.19
2017-06-30,1,19.0,0.19,0.19
2017-07-01,101,23.0,0.23,23.23
2017-07-02,1,23.0,0.23,0.23
2017-07-03,1,23.0,0.23,0.23
2017-07-04,1,23.0,0.23,0.23
2017-07-05,1,23.0,0.23,0.23
2017-07-06,1,23.0,0.23,0.23
2017-07-07,1,23.0,0.23,0.23
2017-07-08,1,23.0,0.23,0.23
2017-07-09,1,23.0,0.23,0.23
2017-07-10,87,23.0,0.23,20.01
2017-07-11,1,23.0,0.23,0.23
2017-07-12,1,23.0,0.23,0.23
2017-07-13,87,23.0,0.23,20.01
2017-07-14,88,23.0,0.23,20.240000000000002
2017-07-15,1,23.0,0.23,0.23
2017-07-16,1,23.0,0.23,0.23
2017-07-17,87,23.0,0.23,20.01
2017-07-18,1,23.0,0.23,0.23
2017-07-19,1,23.0,0.23,0.23
2017-07-20,87,23.0,0.23,20.01
2017-07-21,1,23.0,0.23,0.23
2017-07-22,1,23.0,0.23,0.23
2017-07-23,1,23.0,0.23,0.23
2017-07-24,1,23.0,0.23,0.23
2017-07-25,1,23.0,0.23,0.23
2017-07-26,1,23.0,0.23,0.23
2017-07-27,1,23.0,0.23,0.23
2017-07-28,1,23.0,0.23,0.23
2017-07-29,1,23.0,0.23,0.23
2017-07-30,1,23.0,0.23,0.23
2017-07-31,1,23.0,0.23,0.23
2017-08-01,1,22.0,0.22,0.22
2017-08-02,1,22.0,0.22,0.22
2017-08-03,1,22.0,0.22,0.22
2017-08-04,1,22.0,0.22,0.22
2017-08-05,1,22.0,0.22,0.22
2017-08-06,1,22.0,0.22,0.22
2017-08-07,1,22.0,0.22,0.22
2017-08-08,1,22.0,0.22,0.22
2017-08-09,1,22.0,0.22,0.22
2017-08-10,1,22.0,0.22,0.22
2017-08-11,1,22.0,0.22,0.22
2017-08-12,1,22.0,0.22,0.22
2017-08-13,1,22.0,0.22,0.22
2017-08-14,1,22.0,0.22,0.22
2017-08-15,1,22.0,0.22,0.22
2017-08-16,100,22.0,0.22,22.0
2017-08-17,1,22.0,0.22,0.22
2017-08-18,1,22.0,0.22,0.22
2017-08-19,1,22.0,0.22,0.22
2017-08-20,1,22.0,0.22,0.22
2017-08-21,1,22.0,0.22,0.22
2017-08-22,1,22.0,0.22,0.22
2017-08-23,100,22.0,0.22,22.0
2017-08-24,98,22.0,0.22,21.56
2017-08-25,101,22.0,0.22,22.22
2017-08-26,1,22.0,0.22,0.22
2017-08-27,1,22.0,0.22,0.22
2017-08-28,1,22.0,0.22,0.22
2017-08-29,1,22.0,0.22,0.22
2017-08-30,1,22.0,0.22,0.22
2017-08-31,1,22.0,0.22,0.22
2017-09-01,101,18.0,0.18,18.18
2017-09-02,1,18.0,0.18,0.18
2017-09-03,1,18.0,0.18,0.18
2017-09-04,1,18.0,0.18,0.18
2017-09-05,1,18.0,0.18,0.18
2017-09-06,1,18.0,0.18,0.18
2017-09-07,96,18.0,0.18,17.28
2017-09-08,1,18.0,0.18,0.18
2017-09-09,1,18.0,0.18,0.18
2017-09-10,1,18.0,0.18,0.18
2017-09-11,1,18.0,0.18,0.18
2017-09-12,96,18.0,0.18,17.28
2017-09-13,1,18.0,0.18,0.18
2017-09-14,1,18.0,0.18,0.18
2017-09-15,99,18.0,0.18,17.82
2017-09-16,1,18.0,0.18,0.18
2017-09-17,1,18.0,0.18,0.18
2017-09-18,97,18.0,0.18,17.46
2017-09-19,96,18.0,0.18,17.28
2017-09-20,1,18.0,0.18,0.18
2017-09-21,1,18.0,0.18,0.18
2017-09-22,1,18.0,0.18,0.18
2017-09-23,1,18.0,0.18,0.18
2017-09-24,1,18.0,0.18,0.18
2017-09-25,1,18.0,0.18,0.18
2017-09-26,1,18.0,0.18,0.18
2017-09-27,1,18.0,0.18,0.18
2017-09-28,1,18.0,0.18,0.18
2017-09-29,1,18.0,0.18,0.18
2017-09-30,1,18.0,0.18,0.18
2017-10-01,1,27.0,0.27,0.27
2017-10-02,1,27.0,0.27,0.27
2017-10-03,1,27.0,0.27,0.27
2017-10-04,1,27.0,0.27,0.27
2017-10-05,1,27.0,0.27,0.27
2017-10-06,1,27.0,0.27,0.27
2017-10-07,1,27.0,0.27,0.27
2017-10-08,1,27.0,0.27,0.27
2017-10-09,1,27.0,0.27,0.27
2017-10-10,93,27.0,0.27,25.110000000000003
2017-10-11,1,27.0,0.27,0.27
2017-10-12,96,27.0,0.27,25.92
2017-10-13,1,27.0,0.27,0.27
2017-10-14,1,27.0,0.27,0.27
2017-10-15,1,27.0,0.27,0.27
2017-10-16,1,27.0,0.27,0.27
2017-10-17,1,27.0,0.27,0.27
2017-10-18,96,27.0,0.27,25.92
2017-10-19,1,27.0,0.27,0.27
2017-10-20,1,27.0,0.27,0.27
2017-10-21,1,27.0,0.27,0.27
2017-10-22,1,27.0,0.27,0.27
2017-10-23,1,27.0,0.27,0.27
2017-10-24,1,27.0,0.27,0.27
2017-10-25,96,27.0,0.27,25.92
2017-10-26,1,27.0,0.27,0.27
2017-10-27,101,27.0,0.27,27.270000000000003
2017-10-28,1,27.0,0.27,0.27
2017-10-29,1,27.0,0.27,0.27
2017-10-30,93,27.0,0.27,25.110000000000003
2017-10-31,1,27.0,0.27,0.27
2017-11-01,1,11.0,0.11,0.11
2017-11-02,1,11.0,0.11,0.11
2017-11-03,1,11.0,0.11,0.11
2017-11-04,1,11.0,0.11,0.11
2017-11-05,1,11.0,0.11,0.11
2017-11-06,1,11.0,0.11,0.11
2017-11-07,90,11.0,0.11,9.9
2017-11-08,1,11.0,0.11,0.11
2017-11-09,1,11.0,0.11,0.11
2017-11-10,1,11.0,0.11,0.11
2017-11-11,1,11.0,0.11,0.11
2017-11-12,1,11.0,0.11,0.11
2017-11-13,1,11.0,0.11,0.11
2017-11-14,90,11.0,0.11,9.9
2017-11-15,1,11.0,0.11,0.11
2017-11-16,1,11.0,0.11,0.11
2017-11-17,1,11.0,0.11,0.11
2017-11-18,1,11.0,0.11,0.11
2017-11-19,1,11.0,0.11,0.11
2017-11-20,1,11.0,0.11,0.11
2017-11-21,1,11.0,0.11,0.11
2017-11-22,101,11.0,0.11,11.11
2017-11-23,1,11.0,0.11,0.11
2017-11-24,1,11.0,0.11,0.11
2017-11-25,1,11.0,0.11,0.11
2017-11-26,1,11.0,0.11,0.11
2017-11-27,1,11.0,0.11,0.11
2017-11-28,1,11.0,0.11,0.11
2017-11-29,1,11.0,0.11,0.11
2017-11-30,90,11.0,0.11,9.9
2017-12-01,1,11.0,0.11,0.11
2017-12-02,1,11.0,0.11,0.11
2017-12-03,1,11.0,0.11,0.11
2017-12-04,1,11.0,0.11,0.11
2017-12-05,1,11.0,0.11,0.11
2017-12-06,1,11.0,0.11,0.11
2017-12-07,96,11.0,0.11,10.56
2017-12-08,1,11.0,0.11,0.11
2017-12-09,1,11.0,0.11,0.11
2017-12-10,1,11.0,0.11,0.11
2017-12-11,96,11.0,0.11,10.56
2017-12-12,1,11.0,0.11,0.11
2017-12-13,1,11.0,0.11,0.11
2017-12-14,99,11.0,0.11,10.89
2017-12-15,1,11.0,0.11,0.11
2017-12-16,1,11.0,0.11,0.11
2017-12-17,1,11.0,0.11,0.11
2017-12-18,1,11.0,0.11,0.11
2017-12-19,101,11.0,0.11,11.11
2017-12-20,1,11.0,0.11,0.11
2017-12-21,1,11.0,0.11,0.11
2017-12-22,1,11.0,0.11,0.11
2017-12-23,1,11.0,0.11,0.11
2017-12-24,1,11.0,0.11,0.11
2017-12-25,1,11.0,0.11,0.11
2017-12-26,1,11.0,0.11,0.11
2017-12-27,1,11.0,0.11,0.11
2017-12-28,1,11.0,0.11,0.11
2017-12-29,1,11.0,0.11,0.11
2017-12-30,1,11.0,0.11,0.11
2017-12-31,1,11.0,0.11,0.11
2018-02-01,1,29.0,0.29,0.29
2018-02-02,1,29.0,0.29,0.29
2018-02-03,101,29.0,0.29,29.29
2018-02-04,97,29.0,0.29,28.13
2018-02-05,1,29.0,0.29,0.29
2018-02-06,1,29.0,0.29,0.29
2018-02-07,1,29.0,0.29,0.29
2018-02-08,83,29.0,0.29,24.069999999999997
2018-02-09,1,29.0,0.29,0.29
2018-02-10,1,29.0,0.29,0.29
2018-02-11,1,29.0,0.29,0.29
2018-02-12,1,29.0,0.29,0.29
2018-02-13,1,29.0,0.29,0.29
2018-02-14,1,29.0,0.29,0.29
2018-02-15,1,29.0,0.29,0.29
2018-02-16,1,29.0,0.29,0.29
2018-02-17,1,29.0,0.29,0.29
2018-02-18,1,29.0,0.29,0.29
2018-02-19,87,29.0,0.29,25.229999999999997
2018-02-20,1,29.0,0.29,0.29
2018-02-21,1,29.0,0.29,0.29
2018-02-22,1,29.0,0.29,0.29
2018-02-23,1,29.0,0.29,0.29
2018-02-24,1,29.0,0.29,0.29
2018-02-25,98,29.0,0.29,28.419999999999998
2018-02-26,1,29.0,0.29,0.29
2018-02-27,1,29.0,0.29,0.29
2018-02-28,1,29.0,0.29,0.29
2018-03-01,1,7.0,0.07,0.07
2018-03-02,1,7.0,0.07,0.07
2018-03-03,1,7.0,0.07,0.07
2018-03-04,1,7.0,0.07,0.07
2018-03-05,1,7.0,0.07,0.07
2018-03-06,1,7.0,0.07,0.07
2018-03-07,1,7.0,0.07,0.07
2018-03-08,1,7.0,0.07,0.07
2018-03-09,1,7.0,0.07,0.07
2018-03-10,1,7.0,0.07,0.07
2018-03-11,1,7.0,0.07,0.07
2018-03-12,1,7.0,0.07,0.07
2018-03-13,1,7.0,0.07,0.07
2018-03-14,101,7.0,0.07,7.07
2018-03-15,1,7.0,0.07,0.07
2018-03-16,52,7.0,0.07,3.6400000000000006
2018-03-17,1,7.0,0.07,0.07
2018-03-18,1,7.0,0.07,0.07
2018-03-19,1,7.0,0.07,0.07
2018-03-20,1,7.0,0.07,0.07
2018-03-21,1,7.0,0.07,0.07
2018-03-22,1,7.0,0.07,0.07
2018-03-23,1,7.0,0.07,0.07
2018-03-24,1,7.0,0.07,0.07
2018-03-25,1,7.0,0.07,0.07
2018-03-26,1,7.0,0.07,0.07
2018-03-27,1,7.0,0.07,0.07
2018-03-28,1,7.0,0.07,0.07
2018-03-29,1,7.0,0.07,0.07
2018-03-30,1,7.0,0.07,0.07
2018-03-31,1,7.0,0.07,0.07
2018-04-01,1,8.0,0.08,0.08
2018-04-02,1,8.0,0.08,0.08
2018-04-03,1,8.0,0.08,0.08
2018-04-04,1,8.0,0.08,0.08
2018-04-05,1,8.0,0.08,0.08
2018-04-06,1,8.0,0.08,0.08
2018-04-07,1,8.0,0.08,0.08
2018-04-08,1,8.0,0.08,0.08
2018-04-09,1,8.0,0.08,0.08
2018-04-10,1,8.0,0.08,0.08
2018-04-11,1,8.0,0.08,0.08
2018-04-12,1,8.0,0.08,0.08
2018-04-13,1,8.0,0.08,0.08
2018-04-14,1,8.0,0.08,0.08
2018-04-15,1,8.0,0.08,0.08
2018-04-16,1,8.0,0.08,0.08
2018-04-17,1,8.0,0.08,0.08
2018-04-18,1,8.0,0.08,0.08
2018-04-19,101,8.0,0.08,8.08
2018-04-20,1,8.0,0.08,0.08
2018-04-21,1,8.0,0.08,0.08
2018-04-22,1,8.0,0.08,0.08
2018-04-23,1,8.0,0.08,0.08
2018-04-24,1,8.0,0.08,0.08
2018-04-25,1,8.0,0.08,0.08
2018-04-26,1,8.0,0.08,0.08
2018-04-27,1,8.0,0.08,0.08
2018-04-28,1,8.0,0.08,0.08
2018-04-29,1,8.0,0.08,0.08
2018-04-30,100,8.0,0.08,8.0
2018-05-01,82,8.0,0.08,6.5600000000000005
2018-05-02,1,8.0,0.08,0.08
2018-05-03,1,8.0,0.08,0.08
2018-05-04,1,8.0,0.08,0.08
2018-05-05,1,8.0,0.08,0.08
2018-05-06,1,8.0,0.08,0.08
2018-05-07,1,8.0,0.08,0.08
2018-05-08,1,8.0,0.08,0.08
2018-05-09,1,8.0,0.08,0.08
2018-05-10,84,8.0,0.08,6.72
2018-05-11,1,8.0,0.08,0.08
2018-05-12,1,8.0,0.08,0.08
2018-05-13,1,8.0,0.08,0.08
2018-05-14,1,8.0,0.08,0.08
2018-05-15,1,8.0,0.08,0.08
2018-05-16,1,8.0,0.08,0.08
2018-05-17,1,8.0,0.08,0.08
2018-05-18,1,8.0,0.08,0.08
2018-05-19,101,8.0,0.08,8.08
2018-05-20,1,8.0,0.08,0.08
2018-05-21,1,8.0,0.08,0.08
2018-05-22,1,8.0,0.08,0.08
2018-05-23,1,8.0,0.08,0.08
2018-05-24,1,8.0,0.08,0.08
2018-05-25,1,8.0,0.08,0.08
2018-05-26,1,8.0,0.08,0.08
2018-05-27,1,8.0,0.08,0.08
2018-05-28,1,8.0,0.08,0.08
2018-05-29,84,8.0,0.08,6.72
2018-05-30,1,8.0,0.08,0.08
2018-05-31,1,8.0,0.08,0.08
2018-06-01,1,11.0,0.11,0.11
2018-06-02,1,11.0,0.11,0.11
2018-06-03,1,11.0,0.11,0.11
2018-06-04,1,11.0,0.11,0.11
2018-06-05,1,11.0,0.11,0.11
2018-06-06,1,11.0,0.11,0.11
2018-06-07,1,11.0,0.11,0.11
2018-06-08,1,11.0,0.11,0.11
2018-06-09,1,11.0,0.11,0.11
2018-06-10,1,11.0,0.11,0.11
2018-06-11,1,11.0,0.11,0.11
2018-06-12,1,11.0,0.11,0.11
2018-06-13,1,11.0,0.11,0.11
2018-06-14,101,11.0,0.11,11.11
2018-06-15,1,11.0,0.11,0.11
2018-06-16,1,11.0,0.11,0.11
2018-06-17,1,11.0,0.11,0.11
2018-06-18,1,11.0,0.11,0.11
2018-06-19,1,11.0,0.11,0.11
2018-06-20,1,11.0,0.11,0.11
2018-06-21,1,11.0,0.11,0.11
2018-06-22,1,11.0,0.11,0.11
2018-06-23,1,11.0,0.11,0.11
2018-06-24,1,11.0,0.11,0.11
2018-06-25,1,11.0,0.11,0.11
2018-06-26,1,11.0,0.11,0.11
2018-06-27,1,11.0,0.11,0.11
2018-06-28,1,11.0,0.11,0.11
2018-06-29,1,11.0,0.11,0.11
2018-06-30,1,11.0,0.11,0.11
2018-07-01,1,8.0,0.08,0.08
2018-07-02,1,8.0,0.08,0.08
2018-07-03,100,8.0,0.08,8.0
2018-07-04,1,8.0,0.08,0.08
2018-07-05,1,8.0,0.08,0.08
2018-07-06,1,8.0,0.08,0.08
2018-07-07,1,8.0,0.08,0.08
2018-07-08,1,8.0,0.08,0.08
2018-07-09,1,8.0,0.08,0.08
2018-07-10,1,8.0,0.08,0.08
2018-07-11,1,8.0,0.08,0.08
2018-07-12,1,8.0,0.08,0.08
2018-07-13,1,8.0,0.08,0.08
2018-07-14,1,8.0,0.08,0.08
2018-07-15,1,8.0,0.08,0.08
2018-07-16,1,8.0,0.08,0.08
2018-07-17,98,8.0,0.08,7.84
2018-07-18,1,8.0,0.08,0.08
2018-07-19,1,8.0,0.08,0.08
2018-07-20,101,8.0,0.08,8.08
2018-07-21,1,8.0,0.08,0.08
2018-07-22,1,8.0,0.08,0.08
2018-07-23,1,8.0,0.08,0.08
2018-07-24,1,8.0,0.08,0.08
2018-07-25,1,8.0,0.08,0.08
2018-07-26,1,8.0,0.08,0.08
2018-07-27,1,8.0,0.08,0.08
2018-07-28,1,8.0,0.08,0.08
2018-07-29,1,8.0,0.08,0.08
2018-07-30,1,8.0,0.08,0.08
2018-07-31,1,8.0,0.08,0.08
2018-08-01,1,4.0,0.04,0.04
2018-08-02,101,4.0,0.04,4.04
2018-08-03,1,4.0,0.04,0.04
2018-08-04,1,4.0,0.04,0.04
2018-08-05,1,4.0,0.04,0.04
2018-08-06,1,4.0,0.04,0.04
2018-08-07,1,4.0,0.04,0.04
2018-08-08,1,4.0,0.04,0.04
2018-08-09,1,4.0,0.04,0.04
2018-08-10,1,4.0,0.04,0.04
2018-08-11,1,4.0,0.04,0.04
2018-08-12,1,4.0,0.04,0.04
2018-08-13,1,4.0,0.04,0.04
2018-08-14,1,4.0,0.04,0.04
2018-08-15,1,4.0,0.04,0.04
2018-08-16,1,4.0,0.04,0.04
2018-08-17,1,4.0,0.04,0.04
2018-08-18,1,4.0,0.04,0.04
2018-08-19,1,4.0,0.04,0.04
2018-08-20,1,4.0,0.04,0.04
2018-08-21,1,4.0,0.04,0.04
2018-08-22,1,4.0,0.04,0.04
2018-08-23,1,4.0,0.04,0.04
2018-08-24,1,4.0,0.04,0.04
2018-08-25,1,4.0,0.04,0.04
2018-08-26,1,4.0,0.04,0.04
2018-08-27,1,4.0,0.04,0.04
2018-08-28,1,4.0,0.04,0.04
2018-08-29,1,4.0,0.04,0.04
2018-08-30,1,4.0,0.04,0.04
2018-08-31,1,4.0,0.04,0.04
2018-09-01,1,18.0,0.18,0.18
2018-09-02,1,18.0,0.18,0.18
2018-09-03,1,18.0,0.18,0.18
2018-09-04,1,18.0,0.18,0.18
2018-09-05,1,18.0,0.18,0.18
2018-09-06,1,18.0,0.18,0.18
2018-09-07,1,18.0,0.18,0.18
2018-09-08,1,18.0,0.18,0.18
2018-09-09,1,18.0,0.18,0.18
2018-09-10,1,18.0,0.18,0.18
2018-09-11,1,18.0,0.18,0.18
2018-09-12,1,18.0,0.18,0.18
2018-09-13,101,18.0,0.18,18.18
2018-09-14,1,18.0,0.18,0.18
2018-09-15,1,18.0,0.18,0.18
2018-09-16,1,18.0,0.18,0.18
2018-09-17,1,18.0,0.18,0.18
2018-09-18,1,18.0,0.18,0.18
2018-09-19,1,18.0,0.18,0.18
2018-09-20,1,18.0,0.18,0.18
2018-09-21,1,18.0,0.18,0.18
2018-09-22,1,18.0,0.18,0.18
2018-09-23,1,18.0,0.18,0.18
2018-09-24,1,18.0,0.18,0.18
2018-09-25,1,18.0,0.18,0.18
2018-09-26,1,18.0,0.18,0.18
2018-09-27,52,18.0,0.18,9.36
2018-09-28,1,18.0,0.18,0.18
2018-09-29,1,18.0,0.18,0.18
2018-09-30,1,18.0,0.18,0.18
2018-10-01,1,11.0,0.11,0.11
2018-10-02,1,11.0,0.11,0.11
2018-10-03,1,11.0,0.11,0.11
2018-10-04,1,11.0,0.11,0.11
2018-10-05,1,11.0,0.11,0.11
2018-10-06,101,11.0,0.11,11.11
2018-10-07,1,11.0,0.11,0.11
2018-10-08,1,11.0,0.11,0.11
2018-10-09,1,11.0,0.11,0.11
2018-10-10,1,11.0,0.11,0.11
2018-10-11,1,11.0,0.11,0.11
2018-10-12,1,11.0,0.11,0.11
2018-10-13,1,11.0,0.11,0.11
2018-10-14,1,11.0,0.11,0.11
2018-10-15,1,11.0,0.11,0.11
2018-10-16,85,11.0,0.11,9.35
2018-10-17,1,11.0,0.11,0.11
2018-10-18,86,11.0,0.11,9.46
2018-10-19,1,11.0,0.11,0.11
2018-10-20,1,11.0,0.11,0.11
2018-10-21,1,11.0,0.11,0.11
2018-10-22,1,11.0,0.11,0.11
2018-10-23,1,11.0,0.11,0.11
2018-10-24,1,11.0,0.11,0.11
2018-10-25,1,11.0,0.11,0.11
2018-10-26,1,11.0,0.11,0.11
2018-10-27,1,11.0,0.11,0.11
2018-10-28,1,11.0,0.11,0.11
2018-10-29,1,11.0,0.11,0.11
2018-10-30,1,11.0,0.11,0.11
2018-10-31,1,11.0,0.11,0.11
2018-11-01,1,4.0,0.04,0.04
2018-11-02,1,4.0,0.04,0.04
2018-11-03,1,4.0,0.04,0.04
2018-11-04,1,4.0,0.04,0.04
2018-11-05,1,4.0,0.04,0.04
2018-11-06,1,4.0,0.04,0.04
2018-11-07,1,4.0,0.04,0.04
2018-11-08,1,4.0,0.04,0.04
2018-11-09,1,4.0,0.04,0.04
2018-11-10,1,4.0,0.04,0.04
2018-11-11,1,4.0,0.04,0.04
2018-11-12,1,4.0,0.04,0.04
2018-11-13,1,4.0,0.04,0.04
2018-11-14,1,4.0,0.04,0.04
2018-11-15,1,4.0,0.04,0.04
2018-11-16,1,4.0,0.04,0.04
2018-11-17,1,4.0,0.04,0.04
2018-11-18,1,4.0,0.04,0.04
2018-11-19,1,4.0,0.04,0.04
2018-11-20,1,4.0,0.04,0.04
2018-11-21,1,4.0,0.04,0.04
2018-11-22,1,4.0,0.04,0.04
2018-11-23,1,4.0,0.04,0.04
2018-11-24,1,4.0,0.04,0.04
2018-11-25,1,4.0,0.04,0.04
2018-11-26,1,4.0,0.04,0.04
2018-11-27,101,4.0,0.04,4.04
2018-11-28,1,4.0,0.04,0.04
2018-11-29,1,4.0,0.04,0.04
2018-11-30,1,4.0,0.04,0.04
2018-12-01,1,8.0,0.08,0.08
2018-12-02,1,8.0,0.08,0.08
2018-12-03,1,8.0,0.08,0.08
2018-12-04,1,8.0,0.08,0.08
2018-12-05,1,8.0,0.08,0.08
2018-12-06,1,8.0,0.08,0.08
2018-12-07,1,8.0,0.08,0.08
2018-12-08,1,8.0,0.08,0.08
2018-12-09,1,8.0,0.08,0.08
2018-12-10,1,8.0,0.08,0.08
2018-12-11,1,8.0,0.08,0.08
2018-12-12,1,8.0,0.08,0.08
2018-12-13,101,8.0,0.08,8.08
2018-12-14,1,8.0,0.08,0.08
2018-12-15,1,8.0,0.08,0.08
2018-12-16,1,8.0,0.08,0.08
2018-12-17,1,8.0,0.08,0.08
2018-12-18,1,8.0,0.08,0.08
2018-12-19,1,8.0,0.08,0.08
2018-12-20,1,8.0,0.08,0.08
2018-12-21,1,8.0,0.08,0.08
2018-12-22,1,8.0,0.08,0.08
2018-12-23,1,8.0,0.08,0.08
2018-12-24,1,8.0,0.08,0.08
2018-12-25,1,8.0,0.08,0.08
2018-12-26,1,8.0,0.08,0.08
2018-12-27,1,8.0,0.08,0.08
2018-12-28,1,8.0,0.08,0.08
2018-12-29,1,8.0,0.08,0.08
2018-12-30,1,8.0,0.08,0.08
2018-12-31,1,8.0,0.08,0.08
2019-01-01,1,7.0,0.07,0.07
2019-01-02,1,7.0,0.07,0.07
2019-01-03,1,7.0,0.07,0.07
2019-01-04,1,7.0,0.07,0.07
2019-01-05,1,7.0,0.07,0.07
2019-01-06,1,7.0,0.07,0.07
2019-01-07,1,7.0,0.07,0.07
2019-01-08,1,7.0,0.07,0.07
2019-01-09,1,7.0,0.07,0.07
2019-01-10,1,7.0,0.07,0.07
2019-01-11,1,7.0,0.07,0.07
2019-01-12,1,7.0,0.07,0.07
2019-01-13,1,7.0,0.07,0.07
2019-01-14,1,7.0,0.07,0.07
2019-01-15,101,7.0,0.07,7.07
2019-01-16,1,7.0,0.07,0.07
2019-01-17,1,7.0,0.07,0.07
2019-01-18,1,7.0,0.07,0.07
2019-01-19,1,7.0,0.07,0.07
2019-01-20,1,7.0,0.07,0.07
2019-01-21,1,7.0,0.07,0.07
2019-01-22,1,7.0,0.07,0.07
2019-01-23,1,7.0,0.07,0.07
2019-01-24,1,7.0,0.07,0.07
2019-01-25,1,7.0,0.07,0.07
2019-01-26,1,7.0,0.07,0.07
2019-01-27,1,7.0,0.07,0.07
2019-01-28,100,7.0,0.07,7.000000000000001
2019-01-29,1,7.0,0.07,0.07
2019-01-30,1,7.0,0.07,0.07
2019-01-31,1,7.0,0.07,0.07
2019-02-01,1,18.0,0.18,0.18
2019-02-02,1,18.0,0.18,0.18
2019-02-03,1,18.0,0.18,0.18
2019-02-04,1,18.0,0.18,0.18
2019-02-05,1,18.0,0.18,0.18
2019-02-06,1,18.0,0.18,0.18
2019-02-07,1,18.0,0.18,0.18
2019-02-08,1,18.0,0.18,0.18
2019-02-09,1,18.0,0.18,0.18
2019-02-10,1,18.0,0.18,0.18
2019-02-11,98,18.0,0.18,17.64
2019-02-12,101,18.0,0.18,18.18
2019-02-13,1,18.0,0.18,0.18
2019-02-14,1,18.0,0.18,0.18
2019-02-15,1,18.0,0.18,0.18
2019-02-16,1,18.0,0.18,0.18
2019-02-17,1,18.0,0.18,0.18
2019-02-18,1,18.0,0.18,0.18
2019-02-19,1,18.0,0.18,0.18
2019-02-20,1,18.0,0.18,0.18
2019-02-21,1,18.0,0.18,0.18
2019-02-22,1,18.0,0.18,0.18
2019-02-23,1,18.0,0.18,0.18
2019-02-24,1,18.0,0.18,0.18
2019-02-25,1,18.0,0.18,0.18
2019-02-26,1,18.0,0.18,0.18
2019-02-27,1,18.0,0.18,0.18
2019-02-28,1,18.0,0.18,0.18
2019-03-01,97,17.0,0.17,16.490000000000002
2019-03-02,1,17.0,0.17,0.17
2019-03-03,1,17.0,0.17,0.17
2019-03-04,1,17.0,0.17,0.17
2019-03-05,1,17.0,0.17,0.17
2019-03-06,1,17.0,0.17,0.17
2019-03-07,1,17.0,0.17,0.17
2019-03-08,1,17.0,0.17,0.17
2019-03-09,1,17.0,0.17,0.17
2019-03-10,1,17.0,0.17,0.17
2019-03-11,1,17.0,0.17,0.17
2019-03-12,1,17.0,0.17,0.17
2019-03-13,99,17.0,0.17,16.830000000000002
2019-03-14,1,17.0,0.17,0.17
2019-03-15,1,17.0,0.17,0.17
2019-03-16,1,17.0,0.17,0.17
2019-03-17,1,17.0,0.17,0.17
2019-03-18,1,17.0,0.17,0.17
2019-03-19,1,17.0,0.17,0.17
2019-03-20,1,17.0,0.17,0.17
2019-03-21,101,17.0,0.17,17.17
2019-03-22,1,17.0,0.17,0.17
2019-03-23,1,17.0,0.17,0.17
2019-03-24,1,17.0,0.17,0.17
2019-03-25,1,17.0,0.17,0.17
2019-03-26,1,17.0,0.17,0.17
2019-03-27,1,17.0,0.17,0.17
2019-03-28,1,17.0,0.17,0.17
2019-03-29,1,17.0,0.17,0.17
2019-03-30,1,17.0,0.17,0.17
2019-03-31,1,17.0,0.17,0.17
2019-04-01,1,18.0,0.18,0.18
2019-04-02,1,18.0,0.18,0.18
2019-04-03,82,18.0,0.18,14.76
2019-04-04,1,18.0,0.18,0.18
2019-04-05,1,18.0,0.18,0.18
2019-04-06,1,18.0,0.18,0.18
2019-04-07,1,18.0,0.18,0.18
2019-04-08,1,18.0,0.18,0.18
2019-04-09,1,18.0,0.18,0.18
2019-04-10,82,18.0,0.18,14.76
2019-04-11,1,18.0,0.18,0.18
2019-04-12,85,18.0,0.18,15.299999999999999
2019-04-13,101,18.0,0.18,18.18
2019-04-14,1,18.0,0.18,0.18
2019-04-15,1,18.0,0.18,0.18
2019-04-16,1,18.0,0.18,0.18
2019-04-17,1,18.0,0.18,0.18
2019-04-18,1,18.0,0.18,0.18
2019-04-19,1,18.0,0.18,0.18
2019-04-20,1,18.0,0.18,0.18
2019-04-21,1,18.0,0.18,0.18
2019-04-22,87,18.0,0.18,15.66
2019-04-23,1,18.0,0.18,0.18
2019-04-24,84,18.0,0.18,15.12
2019-04-25,1,18.0,0.18,0.18
2019-04-26,1,18.0,0.18,0.18
2019-04-27,1,18.0,0.18,0.18
2019-04-28,1,18.0,0.18,0.18
2019-04-29,1,18.0,0.18,0.18
2019-04-30,1,18.0,0.18,0.18
2019-05-01,1,4.0,0.04,0.04
2019-05-02,1,4.0,0.04,0.04
2019-05-03,1,4.0,0.04,0.04
2019-05-04,1,4.0,0.04,0.04
2019-05-05,1,4.0,0.04,0.04
2019-05-06,1,4.0,0.04,0.04
2019-05-07,1,4.0,0.04,0.04
2019-05-08,97,4.0,0.04,3.88
2019-05-09,97,4.0,0.04,3.88
2019-05-10,101,4.0,0.04,4.04
2019-05-11,1,4.0,0.04,0.04
2019-05-12,1,4.0,0.04,0.04
2019-05-13,1,4.0,0.04,0.04
2019-05-14,1,4.0,0.04,0.04
2019-05-15,1,4.0,0.04,0.04
2019-05-16,1,4.0,0.04,0.04
2019-05-17,1,4.0,0.04,0.04
2019-05-18,1,4.0,0.04,0.04
2019-05-19,1,4.0,0.04,0.04
2019-05-20,1,4.0,0.04,0.04
2019-05-21,1,4.0,0.04,0.04
2019-05-22,1,4.0,0.04,0.04
2019-05-23,1,4.0,0.04,0.04
2019-05-24,1,4.0,0.04,0.04
2019-05-25,1,4.0,0.04,0.04
2019-05-26,1,4.0,0.04,0.04
2019-05-27,1,4.0,0.04,0.04
2019-05-28,1,4.0,0.04,0.04
2019-05-29,98,4.0,0.04,3.92
2019-05-30,1,4.0,0.04,0.04
2019-05-31,1,4.0,0.04,0.04
2019-06-01,1,62.0,0.62,0.62
2019-06-02,1,62.0,0.62,0.62
2019-06-03,1,62.0,0.62,0.62
2019-06-04,1,62.0,0.62,0.62
2019-06-05,1,62.0,0.62,0.62
2019-06-06,1,62.0,0.62,0.62
2019-06-07,1,62.0,0.62,0.62
2019-06-08,1,62.0,0.62,0.62
2019-06-09,1,62.0,0.62,0.62
2019-06-10,1,62.0,0.62,0.62
2019-06-11,1,62.0,0.62,0.62
2019-06-12,1,62.0,0.62,0.62
2019-06-13,1,62.0,0.62,0.62
2019-06-14,1,62.0,0.62,0.62
2019-06-15,1,62.0,0.62,0.62
2019-06-16,1,62.0,0.62,0.62
2019-06-17,15,62.0,0.62,9.3
2019-06-18,101,62.0,0.62,62.62
2019-06-19,58,62.0,0.62,35.96
2019-06-20,1,62.0,0.62,0.62
2019-06-21,1,62.0,0.62,0.62
2019-06-22,1,62.0,0.62,0.62
2019-06-23,1,62.0,0.62,0.62
2019-06-24,1,62.0,0.62,0.62
2019-06-25,1,62.0,0.62,0.62
2019-06-26,1,62.0,0.62,0.62
2019-06-27,1,62.0,0.62,0.62
2019-06-28,1,62.0,0.62,0.62
2019-06-29,1,62.0,0.62,0.62
2019-06-30,1,62.0,0.62,0.62
2019-07-01,1,21.0,0.21,0.21
2019-07-02,1,21.0,0.21,0.21
2019-07-03,101,21.0,0.21,21.21
2019-07-04,29,21.0,0.21,6.09
2019-07-05,29,21.0,0.21,6.09
2019-07-06,29,21.0,0.21,6.09
2019-07-07,1,21.0,0.21,0.21
2019-07-08,1,21.0,0.21,0.21
2019-07-09,1,21.0,0.21,0.21
2019-07-10,1,21.0,0.21,0.21
2019-07-11,1,21.0,0.21,0.21
2019-07-12,1,21.0,0.21,0.21
2019-07-13,1,21.0,0.21,0.21
2019-07-14,1,21.0,0.21,0.21
2019-07-15,1,21.0,0.21,0.21
2019-07-16,1,21.0,0.21,0.21
2019-07-17,1,21.0,0.21,0.21
2019-07-18,1,21.0,0.21,0.21
2019-07-19,26,21.0,0.21,5.46
2019-07-20,1,21.0,0.21,0.21
2019-07-21,1,21.0,0.21,0.21
2019-07-22,1,21.0,0.21,0.21
2019-07-23,26,21.0,0.21,5.46
2019-07-24,1,21.0,0.21,0.21
2019-07-25,1,21.0,0.21,0.21
2019-07-26,1,21.0,0.21,0.21
2019-07-27,1,21.0,0.21,0.21
2019-07-28,30,21.0,0.21,6.3
2019-07-29,26,21.0,0.21,5.46
2019-07-30,1,21.0,0.21,0.21
2019-07-31,1,21.0,0.21,0.21
2019-09-01,1,13.0,0.13,0.13
2019-09-02,1,13.0,0.13,0.13
2019-09-03,1,13.0,0.13,0.13
2019-09-04,1,13.0,0.13,0.13
2019-09-05,1,13.0,0.13,0.13
2019-09-06,1,13.0,0.13,0.13
2019-09-07,1,13.0,0.13,0.13
2019-09-08,1,13.0,0.13,0.13
2019-09-09,101,13.0,0.13,13.13
2019-09-10,1,13.0,0.13,0.13
2019-09-11,1,13.0,0.13,0.13
2019-09-12,101,13.0,0.13,13.13
2019-09-13,1,13.0,0.13,0.13
2019-09-14,1,13.0,0.13,0.13
2019-09-15,1,13.0,0.13,0.13
2019-09-16,1,13.0,0.13,0.13
2019-09-17,1,13.0,0.13,0.13
2019-09-18,1,13.0,0.13,0.13
2019-09-19,1,13.0,0.13,0.13
2019-09-20,1,13.0,0.13,0.13
2019-09-21,1,13.0,0.13,0.13
2019-09-22,1,13.0,0.13,0.13
2019-09-23,1,13.0,0.13,0.13
2019-09-24,1,13.0,0.13,0.13
2019-09-25,100,13.0,0.13,13.0
2019-09-26,1,13.0,0.13,0.13
2019-09-27,1,13.0,0.13,0.13
2019-09-28,1,13.0,0.13,0.13
2019-09-29,1,13.0,0.13,0.13
2019-09-30,1,13.0,0.13,0.13
2019-10-01,1,13.0,0.13,0.13
2019-10-02,1,13.0,0.13,0.13
2019-10-03,1,13.0,0.13,0.13
2019-10-04,1,13.0,0.13,0.13
2019-10-05,1,13.0,0.13,0.13
2019-10-06,1,13.0,0.13,0.13
2019-10-07,1,13.0,0.13,0.13
2019-10-08,1,13.0,0.13,0.13
2019-10-09,1,13.0,0.13,0.13
2019-10-10,1,13.0,0.13,0.13
2019-10-11,1,13.0,0.13,0.13
2019-10-12,1,13.0,0.13,0.13
2019-10-13,1,13.0,0.13,0.13
2019-10-14,101,13.0,0.13,13.13
2019-10-15,1,13.0,0.13,0.13
2019-10-16,1,13.0,0.13,0.13
2019-10-17,1,13.0,0.13,0.13
2019-10-18,1,13.0,0.13,0.13
2019-10-19,1,13.0,0.13,0.13
2019-10-20,1,13.0,0.13,0.13
2019-10-21,1,13.0,0.13,0.13
2019-10-22,96,13.0,0.13,12.48
2019-10-23,1,13.0,0.13,0.13
2019-10-24,99,13.0,0.13,12.870000000000001
2019-10-25,1,13.0,0.13,0.13
2019-10-26,1,13.0,0.13,0.13
2019-10-27,1,13.0,0.13,0.13
2019-10-28,97,13.0,0.13,12.610000000000001
2019-10-29,1,13.0,0.13,0.13
2019-10-30,98,13.0,0.13,12.74
2019-10-31,1,13.0,0.13,0.13
2019-11-01,1,7.0,0.07,0.07
2019-11-02,1,7.0,0.07,0.07
2019-11-03,1,7.0,0.07,0.07
2019-11-04,1,7.0,0.07,0.07
2019-11-05,1,7.0,0.07,0.07
2019-11-06,50,7.0,0.07,3.5000000000000004
2019-11-07,1,7.0,0.07,0.07
2019-11-08,101,7.0,0.07,7.07
2019-11-09,1,7.0,0.07,0.07
2019-11-10,1,7.0,0.07,0.07
2019-11-11,1,7.0,0.07,0.07
2019-11-12,1,7.0,0.07,0.07
2019-11-13,1,7.0,0.07,0.07
2019-11-14,1,7.0,0.07,0.07
2019-11-15,1,7.0,0.07,0.07
2019-11-16,1,7.0,0.07,0.07
2019-11-17,1,7.0,0.07,0.07
2019-11-18,1,7.0,0.07,0.07
2019-11-19,1,7.0,0.07,0.07
2019-11-20,1,7.0,0.07,0.07
2019-11-21,1,7.0,0.07,0.07
2019-11-22,1,7.0,0.07,0.07
2019-11-23,1,7.0,0.07,0.07
2019-11-24,1,7.0,0.07,0.07
2019-11-25,1,7.0,0.07,0.07
2019-11-26,1,7.0,0.07,0.07
2019-11-27,1,7.0,0.07,0.07
2019-11-28,1,7.0,0.07,0.07
2019-11-29,1,7.0,0.07,0.07
2019-11-30,1,7.0,0.07,0.07
2019-12-01,1,4.0,0.04,0.04
2019-12-02,1,4.0,0.04,0.04
2019-12-03,73,4.0,0.04,2.92
2019-12-04,1,4.0,0.04,0.04
2019-12-05,1,4.0,0.04,0.04
2019-12-06,1,4.0,0.04,0.04
2019-12-07,1,4.0,0.04,0.04
2019-12-08,1,4.0,0.04,0.04
2019-12-09,1,4.0,0.04,0.04
2019-12-10,76,4.0,0.04,3.04
2019-12-11,1,4.0,0.04,0.04
2019-12-12,1,4.0,0.04,0.04
2019-12-13,1,4.0,0.04,0.04
2019-12-14,1,4.0,0.04,0.04
2019-12-15,88,4.0,0.04,3.52
2019-12-16,1,4.0,0.04,0.04
2019-12-17,1,4.0,0.04,0.04
2019-12-18,1,4.0,0.04,0.04
2019-12-19,1,4.0,0.04,0.04
2019-12-20,1,4.0,0.04,0.04
2019-12-21,1,4.0,0.04,0.04
2019-12-22,1,4.0,0.04,0.04
2019-12-23,1,4.0,0.04,0.04
2019-12-24,1,4.0,0.04,0.04
2019-12-25,101,4.0,0.04,4.04
2019-12-26,1,4.0,0.04,0.04
2019-12-27,1,4.0,0.04,0.04
2019-12-28,1,4.0,0.04,0.04
2019-12-29,1,4.0,0.04,0.04
2019-12-30,1,4.0,0.04,0.04
2019-12-31,1,4.0,0.04,0.04
2020-01-01,1,10.0,0.1,0.1
2020-01-02,1,10.0,0.1,0.1
2020-01-03,1,10.0,0.1,0.1
2020-01-04,1,10.0,0.1,0.1
2020-01-05,1,10.0,0.1,0.1
2020-01-06,1,10.0,0.1,0.1
2020-01-07,1,10.0,0.1,0.1
2020-01-08,1,10.0,0.1,0.1
2020-01-09,1,10.0,0.1,0.1
2020-01-10,1,10.0,0.1,0.1
2020-01-11,1,10.0,0.1,0.1
2020-01-12,1,10.0,0.1,0.1
2020-01-13,1,10.0,0.1,0.1
2020-01-14,1,10.0,0.1,0.1
2020-01-15,1,10.0,0.1,0.1
2020-01-16,1,10.0,0.1,0.1
2020-01-17,101,10.0,0.1,10.100000000000001
2020-01-18,1,10.0,0.1,0.1
2020-01-19,1,10.0,0.1,0.1
2020-01-20,1,10.0,0.1,0.1
2020-01-21,1,10.0,0.1,0.1
2020-01-22,1,10.0,0.1,0.1
2020-01-23,1,10.0,0.1,0.1
2020-01-24,1,10.0,0.1,0.1
2020-01-25,1,10.0,0.1,0.1
2020-01-26,1,10.0,0.1,0.1
2020-01-27,1,10.0,0.1,0.1
2020-01-28,1,10.0,0.1,0.1
2020-01-29,1,10.0,0.1,0.1
2020-01-30,1,10.0,0.1,0.1
2020-01-31,1,10.0,0.1,0.1
2020-02-01,1,4.0,0.04,0.04
2020-02-02,1,4.0,0.04,0.04
2020-02-03,1,4.0,0.04,0.04
2020-02-04,1,4.0,0.04,0.04
2020-02-05,1,4.0,0.04,0.04
2020-02-06,1,4.0,0.04,0.04
2020-02-07,1,4.0,0.04,0.04
2020-02-08,1,4.0,0.04,0.04
2020-02-09,1,4.0,0.04,0.04
2020-02-10,1,4.0,0.04,0.04
2020-02-11,1,4.0,0.04,0.04
2020-02-12,1,4.0,0.04,0.04
2020-02-13,101,4.0,0.04,4.04
2020-02-14,1,4.0,0.04,0.04
2020-02-15,1,4.0,0.04,0.04
2020-02-16,1,4.0,0.04,0.04
2020-02-17,1,4.0,0.04,0.04
2020-02-18,1,4.0,0.04,0.04
2020-02-19,1,4.0,0.04,0.04
2020-02-20,1,4.0,0.04,0.04
2020-02-21,1,4.0,0.04,0.04
2020-02-22,1,4.0,0.04,0.04
2020-02-23,1,4.0,0.04,0.04
2020-02-24,1,4.0,0.04,0.04
2020-02-25,97,4.0,0.04,3.88
2020-02-26,1,4.0,0.04,0.04
2020-02-27,1,4.0,0.04,0.04
2020-02-28,1,4.0,0.04,0.04
2020-02-29,1,4.0,0.04,0.04
2020-03-01,1,6.0,0.06,0.06
2020-03-02,1,6.0,0.06,0.06
2020-03-03,1,6.0,0.06,0.06
2020-03-04,1,6.0,0.06,0.06
2020-03-05,1,6.0,0.06,0.06
2020-03-06,1,6.0,0.06,0.06
2020-03-07,1,6.0,0.06,0.06
2020-03-08,1,6.0,0.06,0.06
2020-03-09,1,6.0,0.06,0.06
2020-03-10,1,6.0,0.06,0.06
2020-03-11,1,6.0,0.06,0.06
2020-03-12,1,6.0,0.06,0.06
2020-03-13,1,6.0,0.06,0.06
2020-03-14,1,6.0,0.06,0.06
2020-03-15,101,6.0,0.06,6.06
2020-03-16,1,6.0,0.06,0.06
2020-03-17,1,6.0,0.06,0.06
2020-03-18,1,6.0,0.06,0.06
2020-03-19,88,6.0,0.06,5.279999999999999
2020-03-20,1,6.0,0.06,0.06
2020-03-21,1,6.0,0.06,0.06
2020-03-22,1,6.0,0.06,0.06
2020-03-23,1,6.0,0.06,0.06
2020-03-24,87,6.0,0.06,5.22
2020-03-25,1,6.0,0.06,0.06
2020-03-26,1,6.0,0.06,0.06
2020-03-27,1,6.0,0.06,0.06
2020-03-28,1,6.0,0.06,0.06
2020-03-29,1,6.0,0.06,0.06
2020-03-30,1,6.0,0.06,0.06
2020-03-31,1,6.0,0.06,0.06
2020-04-01,1,4.0,0.04,0.04
2020-04-02,1,4.0,0.04,0.04
2020-04-03,1,4.0,0.04,0.04
2020-04-04,1,4.0,0.04,0.04
2020-04-05,1,4.0,0.04,0.04
2020-04-06,1,4.0,0.04,0.04
2020-04-07,1,4.0,0.04,0.04
2020-04-08,101,4.0,0.04,4.04
2020-04-09,1,4.0,0.04,0.04
2020-04-10,1,4.0,0.04,0.04
2020-04-11,1,4.0,0.04,0.04
2020-04-12,1,4.0,0.04,0.04
2020-04-13,1,4.0,0.04,0.04
2020-04-14,1,4.0,0.04,0.04
2020-04-15,1,4.0,0.04,0.04
2020-04-16,1,4.0,0.04,0.04
2020-04-17,1,4.0,0.04,0.04
2020-04-18,1,4.0,0.04,0.04
2020-04-19,1,4.0,0.04,0.04
2020-04-20,1,4.0,0.04,0.04
2020-04-21,1,4.0,0.04,0.04
2020-04-22,1,4.0,0.04,0.04
2020-04-23,1,4.0,0.04,0.04
2020-04-24,1,4.0,0.04,0.04
2020-04-25,1,4.0,0.04,0.04
2020-04-26,1,4.0,0.04,0.04
2020-04-27,98,4.0,0.04,3.92
2020-04-28,1,4.0,0.04,0.04
2020-04-29,1,4.0,0.04,0.04
2020-04-30,1,4.0,0.04,0.04
2020-05-01,1,4.0,0.04,0.04
2020-05-02,1,4.0,0.04,0.04
2020-05-03,1,4.0,0.04,0.04
2020-05-04,1,4.0,0.04,0.04
2020-05-05,1,4.0,0.04,0.04
2020-05-06,1,4.0,0.04,0.04
2020-05-07,1,4.0,0.04,0.04
2020-05-08,1,4.0,0.04,0.04
2020-05-09,1,4.0,0.04,0.04
2020-05-10,1,4.0,0.04,0.04
2020-05-11,1,4.0,0.04,0.04
2020-05-12,1,4.0,0.04,0.04
2020-05-13,1,4.0,0.04,0.04
2020-05-14,1,4.0,0.04,0.04
2020-05-15,1,4.0,0.04,0.04
2020-05-16,1,4.0,0.04,0.04
2020-05-17,1,4.0,0.04,0.04
2020-05-18,1,4.0,0.04,0.04
2020-05-19,1,4.0,0.04,0.04
2020-05-20,1,4.0,0.04,0.04
2020-05-21,1,4.0,0.04,0.04
2020-05-22,1,4.0,0.04,0.04
2020-05-23,1,4.0,0.04,0.04
2020-05-24,101,4.0,0.04,4.04
2020-05-25,1,4.0,0.04,0.04
2020-05-26,1,4.0,0.04,0.04
2020-05-27,1,4.0,0.04,0.04
2020-05-28,1,4.0,0.04,0.04
2020-05-29,1,4.0,0.04,0.04
2020-05-30,1,4.0,0.04,0.04
2020-05-31,1,4.0,0.04,0.04
2020-07-01,1,7.0,0.07,0.07
2020-07-02,1,7.0,0.07,0.07
2020-07-03,1,7.0,0.07,0.07
2020-07-04,1,7.0,0.07,0.07
2020-07-05,1,7.0,0.07,0.07
2020-07-06,1,7.0,0.07,0.07
2020-07-07,1,7.0,0.07,0.07
2020-07-08,1,7.0,0.07,0.07
2020-07-09,1,7.0,0.07,0.07
2020-07-10,101,7.0,0.07,7.07
2020-07-11,1,7.0,0.07,0.07
2020-07-12,1,7.0,0.07,0.07
2020-07-13,1,7.0,0.07,0.07
2020-07-14,1,7.0,0.07,0.07
2020-07-15,1,7.0,0.07,0.07
2020-07-16,1,7.0,0.07,0.07
2020-07-17,1,7.0,0.07,0.07
2020-07-18,1,7.0,0.07,0.07
2020-07-19,1,7.0,0.07,0.07
2020-07-20,1,7.0,0.07,0.07
2020-07-21,1,7.0,0.07,0.07
2020-07-22,1,7.0,0.07,0.07
2020-07-23,1,7.0,0.07,0.07
2020-07-24,1,7.0,0.07,0.07
2020-07-25,1,7.0,0.07,0.07
2020-07-26,1,7.0,0.07,0.07
2020-07-27,1,7.0,0.07,0.07
2020-07-28,1,7.0,0.07,0.07
2020-07-29,1,7.0,0.07,0.07
2020-07-30,1,7.0,0.07,0.07
2020-07-31,1,7.0,0.07,0.07
2020-09-01,1,4.0,0.04,0.04
2020-09-02,1,4.0,0.04,0.04
2020-09-03,1,4.0,0.04,0.04
2020-09-04,84,4.0,0.04,3.36
2020-09-05,1,4.0,0.04,0.04
2020-09-06,101,4.0,0.04,4.04
2020-09-07,1,4.0,0.04,0.04
2020-09-08,1,4.0,0.04,0.04
2020-09-09,1,4.0,0.04,0.04
2020-09-10,1,4.0,0.04,0.04
2020-09-11,1,4.0,0.04,0.04
2020-09-12,1,4.0,0.04,0.04
2020-09-13,1,4.0,0.04,0.04
2020-09-14,1,4.0,0.04,0.04
2020-09-15,1,4.0,0.04,0.04
2020-09-16,1,4.0,0.04,0.04
2020-09-17,1,4.0,0.04,0.04
2020-09-18,1,4.0,0.04,0.04
2020-09-19,98,4.0,0.04,3.92
2020-09-20,1,4.0,0.04,0.04
2020-09-21,1,4.0,0.04,0.04
2020-09-22,1,4.0,0.04,0.04
2020-09-23,1,4.0,0.04,0.04
2020-09-24,1,4.0,0.04,0.04
2020-09-25,1,4.0,0.04,0.04
2020-09-26,1,4.0,0.04,0.04
2020-09-27,1,4.0,0.04,0.04
2020-09-28,1,4.0,0.04,0.04
2020-09-29,1,4.0,0.04,0.04
2020-09-30,1,4.0,0.04,0.04
2020-10-01,1,4.0,0.04,0.04
2020-10-02,1,4.0,0.04,0.04
2020-10-03,1,4.0,0.04,0.04
2020-10-04,1,4.0,0.04,0.04
2020-10-05,1,4.0,0.04,0.04
2020-10-06,1,4.0,0.04,0.04
2020-10-07,1,4.0,0.04,0.04
2020-10-08,1,4.0,0.04,0.04
2020-10-09,1,4.0,0.04,0.04
2020-10-10,1,4.0,0.04,0.04
2020-10-11,1,4.0,0.04,0.04
2020-10-12,1,4.0,0.04,0.04
2020-10-13,1,4.0,0.04,0.04
2020-10-14,1,4.0,0.04,0.04
2020-10-15,1,4.0,0.04,0.04
2020-10-16,1,4.0,0.04,0.04
2020-10-17,1,4.0,0.04,0.04
2020-10-18,1,4.0,0.04,0.04
2020-10-19,1,4.0,0.04,0.04
2020-10-20,1,4.0,0.04,0.04
2020-10-21,1,4.0,0.04,0.04
2020-10-22,1,4.0,0.04,0.04
2020-10-23,1,4.0,0.04,0.04
2020-10-24,1,4.0,0.04,0.04
2020-10-25,1,4.0,0.04,0.04
2020-10-26,1,4.0,0.04,0.04
2020-10-27,101,4.0,0.04,4.04
2020-10-28,1,4.0,0.04,0.04
2020-10-29,1,4.0,0.04,0.04
2020-10-30,1,4.0,0.04,0.04
2020-10-31,1,4.0,0.04,0.04
2020-12-01,1,7.0,0.07,0.07
2020-12-02,1,7.0,0.07,0.07
2020-12-03,1,7.0,0.07,0.07
2020-12-04,1,7.0,0.07,0.07
2020-12-05,1,7.0,0.07,0.07
2020-12-06,1,7.0,0.07,0.07
2020-12-07,1,7.0,0.07,0.07
2020-12-08,1,7.0,0.07,0.07
2020-12-09,1,7.0,0.07,0.07
2020-12-10,1,7.0,0.07,0.07
2020-12-11,1,7.0,0.07,0.07
2020-12-12,1,7.0,0.07,0.07
2020-12-13,1,7.0,0.07,0.07
2020-12-14,1,7.0,0.07,0.07
2020-12-15,1,7.0,0.07,0.07
2020-12-16,100,7.0,0.07,7.000000000000001
2020-12-17,1,7.0,0.07,0.07
2020-12-18,1,7.0,0.07,0.07
2020-12-19,1,7.0,0.07,0.07
2020-12-20,1,7.0,0.07,0.07
2020-12-21,1,7.0,0.07,0.07
2020-12-22,1,7.0,0.07,0.07
2020-12-23,1,7.0,0.07,0.07
2020-12-24,1,7.0,0.07,0.07
2020-12-25,1,7.0,0.07,0.07
2020-12-26,1,7.0,0.07,0.07
2020-12-27,1,7.0,0.07,0.07
2020-12-28,1,7.0,0.07,0.07
2020-12-29,1,7.0,0.07,0.07
2020-12-30,101,7.0,0.07,7.07
2020-12-31,1,7.0,0.07,0.07
